-- =====================================================================
-- Ouver 相続不動産マッチング — デモ用シードデータ
-- ステークホルダー向けデモ（Dev環境想定）
--
-- 使い方: Supabase SQL Editor にこのファイルの内容を貼って実行する。
-- 再実行しても重複しないよう、固定UUID + ON CONFLICT DO NOTHING で構成。
--
-- 構成:
--   1. NW会社 / 業者 / 士業 / 管理者 / 売主 / 買い手
--   2. 物件（各ステータス網羅）
--   3. 入札 / 案件 / 通知 / ブログ・ヘルプ記事
-- =====================================================================

BEGIN;

-- =====================================================================
-- 1. NW会社（士業ネットワーク）
-- =====================================================================
INSERT INTO nw_companies (id, name, contact_email, contact_phone, bank_name, bank_branch, bank_account_type, bank_account_number, invoice_number, is_active) VALUES
  ('11111111-1111-4111-8111-000000000001', '首都圏相続支援ネットワーク', 'contact@shutoken-souzoku.example.jp', '03-5800-1001', 'みずほ銀行', '東京営業部', '普通', '1234567', 'T1234567890123', true),
  ('11111111-1111-4111-8111-000000000002', '関西士業連携協議会', 'info@kansai-shigyo.example.jp', '06-6200-2002', '三井住友銀行', '大阪本店営業部', '普通', '2345678', 'T2345678901234', true),
  ('11111111-1111-4111-8111-000000000003', '九州相続サポートネットワーク', 'info@kyushu-souzoku.example.jp', '092-400-3003', '福岡銀行', '本店営業部', '普通', '3456789', 'T3456789012345', true),
  ('11111111-1111-4111-8111-000000000004', '中部エリア士業ネット', 'contact@chubu-shigyo.example.jp', '052-200-4004', '名古屋銀行', '本店営業部', '普通', '4567890', 'T4567890123456', true),
  ('11111111-1111-4111-8111-000000000005', '東北相続士業協同組合', 'info@tohoku-souzoku.example.jp', '022-300-5005', '七十七銀行', '仙台営業部', '普通', '5678901', 'T5678901234567', true),
  ('11111111-1111-4111-8111-000000000006', '関東総合相続ネットワーク', 'contact@kanto-sogo.example.jp', '03-5800-6006', 'みずほ銀行', '銀座支店', '普通', '6789012', 'T6789012345678', true)
ON CONFLICT (id) DO NOTHING;

-- =====================================================================
-- 2. ユーザー（admin / broker / professional / seller / buyer）
-- =====================================================================
-- 管理者
INSERT INTO users (id, role, email, name, phone, address) VALUES
  ('22222222-2222-4222-8222-000000000001', 'admin', 'admin@ouver.example.jp', '大村 誠一', '03-6400-0001', '東京都港区虎ノ門1-1-1'),
  ('22222222-2222-4222-8222-000000000002', 'admin', 'hayashi@ouver.example.jp', '林 結子', '03-6400-0002', '東京都港区虎ノ門1-1-1'),
  ('22222222-2222-4222-8222-000000000003', 'admin', 'sano@ouver.example.jp', '佐野 太一', '03-6400-0003', '東京都港区虎ノ門1-1-1')
ON CONFLICT (id) DO NOTHING;

-- 業者（buyer ロールで作成して brokers テーブルに紐付け）
INSERT INTO users (id, role, email, name, phone, address) VALUES
  ('33333333-3333-4333-8333-000000000001', 'broker', 'sato@tokyo-estate.example.jp', '佐藤 健二', '03-3200-1111', '東京都新宿区西新宿2-8-1'),
  ('33333333-3333-4333-8333-000000000002', 'broker', 'takahashi@yokohama-reality.example.jp', '高橋 由美', '045-321-2222', '神奈川県横浜市西区みなとみらい3-3-1'),
  ('33333333-3333-4333-8333-000000000003', 'broker', 'yamamoto@kansai-realestate.example.jp', '山本 直樹', '06-6300-3333', '大阪府大阪市北区梅田1-1-3'),
  ('33333333-3333-4333-8333-000000000004', 'broker', 'kimura@shutoken-house.example.jp', '木村 誠司', '03-3300-4444', '東京都千代田区神田1-5-1'),
  ('33333333-3333-4333-8333-000000000005', 'broker', 'ota@chiba-bay.example.jp', '太田 瞳', '043-500-5555', '千葉県千葉市美浜区幕張西2-3-1'),
  ('33333333-3333-4333-8333-000000000006', 'broker', 'mizuno@saitama-central.example.jp', '水野 武史', '048-600-6666', '埼玉県さいたま市大宮区桜木町1-10-1'),
  ('33333333-3333-4333-8333-000000000007', 'broker', 'ikeda@kobe-blue.example.jp', '池田 幸子', '078-700-7777', '兵庫県神戸市中央区三宮町1-8-1'),
  ('33333333-3333-4333-8333-000000000008', 'broker', 'sugiyama@nagoya-center.example.jp', '杉山 悟', '052-800-8888', '愛知県名古屋市中区栄3-5-12'),
  ('33333333-3333-4333-8333-000000000009', 'broker', 'furuta@fukuoka-city.example.jp', '古田 まり子', '092-900-9999', '福岡県福岡市博多区博多駅前2-10-1')
ON CONFLICT (id) DO NOTHING;

-- 士業
INSERT INTO users (id, role, email, name, phone, address) VALUES
  ('44444444-4444-4444-8444-000000000001', 'professional', 'tanaka@tanaka-tax.example.jp', '田中 雅彦', '03-5200-4001', '東京都中央区日本橋2-1-1'),
  ('44444444-4444-4444-8444-000000000002', 'professional', 'suzuki@suzuki-shoshi.example.jp', '鈴木 明子', '03-3800-4002', '東京都千代田区神田3-5-2'),
  ('44444444-4444-4444-8444-000000000003', 'professional', 'ito@ito-law.example.jp', '伊藤 浩二', '03-3500-4003', '東京都渋谷区渋谷1-12-1'),
  ('44444444-4444-4444-8444-000000000004', 'professional', 'watanabe@watanabe-gyosei.example.jp', '渡辺 千夏', '06-6400-4004', '大阪府大阪市中央区本町4-2-5'),
  ('44444444-4444-4444-8444-000000000005', 'professional', 'sasaki@sasaki-tax.example.jp', '佐々木 篤史', '03-5700-5005', '東京都品川区大崎2-1-1'),
  ('44444444-4444-4444-8444-000000000006', 'professional', 'uchida@uchida-shoshi.example.jp', '内田 絵里', '045-200-5006', '神奈川県横浜市神奈川区鶴屋町3-30-8'),
  ('44444444-4444-4444-8444-000000000007', 'professional', 'okamoto@okamoto-law.example.jp', '岡本 健', '03-6700-5007', '東京都新宿区西新宿6-5-1'),
  ('44444444-4444-4444-8444-000000000008', 'professional', 'morimoto@morimoto-tax.example.jp', '森本 隆弘', '06-6500-5008', '大阪府大阪市北区堂島1-6-20'),
  ('44444444-4444-4444-8444-000000000009', 'professional', 'makino@makino-shoshi.example.jp', '牧野 亜由美', '052-400-5009', '愛知県名古屋市中区丸の内3-19-12'),
  ('44444444-4444-4444-8444-000000000010', 'professional', 'kikuchi@kikuchi-gyosei.example.jp', '菊池 博文', '092-300-5010', '福岡県福岡市中央区天神2-14-8'),
  ('44444444-4444-4444-8444-000000000011', 'professional', 'nakajima@nakajima-tax.example.jp', '中島 直美', '03-5500-5011', '東京都中央区築地1-13-1'),
  ('44444444-4444-4444-8444-000000000012', 'professional', 'imai@imai-law.example.jp', '今井 俊之', '078-500-5012', '兵庫県神戸市中央区磯上通8-1-23')
ON CONFLICT (id) DO NOTHING;

-- 売主
INSERT INTO users (id, role, email, name, phone, address) VALUES
  ('55555555-5555-4555-8555-000000000001', 'seller', 'kobayashi@example.com', '小林 美智子', '090-1234-5678', '東京都世田谷区成城3-10-5'),
  ('55555555-5555-4555-8555-000000000002', 'seller', 'nakamura@example.com', '中村 隆', '080-2345-6789', '神奈川県川崎市麻生区万福寺1-2-3'),
  ('55555555-5555-4555-8555-000000000003', 'seller', 'yoshida@example.com', '吉田 敏郎', '090-3456-7890', '埼玉県さいたま市浦和区北浦和4-5-6'),
  ('55555555-5555-4555-8555-000000000004', 'seller', 'hashimoto@example.com', '橋本 知子', '080-4567-8901', '千葉県千葉市中央区新田町8-9'),
  ('55555555-5555-4555-8555-000000000005', 'seller', 'okada@example.com', '岡田 秀樹', '090-5678-9012', '大阪府豊中市蛍池西町2-6-1'),
  ('55555555-5555-4555-8555-000000000006', 'seller', 'saito@example.com', '斎藤 恵子', '090-6789-0123', '東京都品川区戸越2-1-5'),
  ('55555555-5555-4555-8555-000000000007', 'seller', 'kato@example.com', '加藤 信夫', '080-7890-1234', '神奈川県藤沢市辻堂元町4-8-2'),
  ('55555555-5555-4555-8555-000000000008', 'seller', 'kimura-s@example.com', '木村 さゆり', '090-8901-2345', '東京都江東区豊洲3-2-3'),
  ('55555555-5555-4555-8555-000000000009', 'seller', 'matsuda@example.com', '松田 恒夫', '080-9012-3456', '兵庫県神戸市灘区六甲町3-1-1'),
  ('55555555-5555-4555-8555-000000000010', 'seller', 'shimizu@example.com', '清水 由紀子', '090-0123-4567', '埼玉県川越市新富町1-12-3'),
  ('55555555-5555-4555-8555-000000000011', 'seller', 'hasegawa@example.com', '長谷川 光男', '080-1234-0987', '千葉県船橋市本町4-40-23'),
  ('55555555-5555-4555-8555-000000000012', 'seller', 'ishikawa@example.com', '石川 美和', '090-2345-1098', '京都府京都市中京区烏丸通御池下ル'),
  ('55555555-5555-4555-8555-000000000013', 'seller', 'taniguchi@example.com', '谷口 達也', '080-3456-2109', '大阪府堺市堺区南瓦町3-1'),
  ('55555555-5555-4555-8555-000000000014', 'seller', 'inoue@example.com', '井上 文江', '090-4567-3210', '愛知県名古屋市千種区今池4-10-5'),
  ('55555555-5555-4555-8555-000000000015', 'seller', 'fukuda@example.com', '福田 秀一', '080-5678-4321', '福岡県福岡市早良区百道浜2-3-1')
ON CONFLICT (id) DO NOTHING;

-- 買い手
INSERT INTO users (id, role, email, name, phone, address) VALUES
  ('66666666-6666-4666-8666-000000000001', 'buyer', 'morita@example.com', '森田 翔太', '090-1111-2222', '東京都目黒区自由が丘1-2-3'),
  ('66666666-6666-4666-8666-000000000002', 'buyer', 'tsuchida@chuoinvest.example.jp', '土田 和也', '03-6800-2222', '東京都中央区銀座6-10-1'),
  ('66666666-6666-4666-8666-000000000003', 'buyer', 'fujimoto@example.com', '藤本 直美', '080-3333-4444', '東京都練馬区石神井台3-4-5'),
  ('66666666-6666-4666-8666-000000000004', 'buyer', 'nishimura@nishimura-realty.example.jp', '西村 健一', '045-400-5555', '神奈川県横浜市中区本町1-3'),
  ('66666666-6666-4666-8666-000000000005', 'buyer', 'ogawa@example.com', '小川 俊介', '090-5555-6666', '東京都杉並区荻窪5-15-8'),
  ('66666666-6666-4666-8666-000000000006', 'buyer', 'hattori@kanto-invest.example.jp', '服部 陽子', '03-3900-6666', '東京都豊島区池袋2-1-1'),
  ('66666666-6666-4666-8666-000000000007', 'buyer', 'maeda@example.com', '前田 雄大', '080-7777-8888', '大阪府大阪市西区新町1-4-5'),
  ('66666666-6666-4666-8666-000000000008', 'buyer', 'iwata@example.com', '岩田 大樹', '090-2000-1001', '東京都世田谷区三軒茶屋1-10-8'),
  ('66666666-6666-4666-8666-000000000009', 'buyer', 'harada@example.com', '原田 亜希', '080-2000-1002', '神奈川県川崎市宮前区宮崎5-3-2'),
  ('66666666-6666-4666-8666-000000000010', 'buyer', 'sakamoto@example.com', '坂本 和樹', '090-2000-1003', '東京都大田区蒲田5-15-8'),
  ('66666666-6666-4666-8666-000000000011', 'buyer', 'miura@miura-invest.example.jp', '三浦 裕司', '03-3700-1104', '東京都港区赤坂3-21-20'),
  ('66666666-6666-4666-8666-000000000012', 'buyer', 'sugawara@example.com', '菅原 葵', '080-2000-1005', '東京都品川区五反田2-7-1'),
  ('66666666-6666-4666-8666-000000000013', 'buyer', 'kaneda@kaneda-capital.example.jp', '金田 俊介', '03-6200-1106', '東京都中央区日本橋2-2-1'),
  ('66666666-6666-4666-8666-000000000014', 'buyer', 'ohashi@example.com', '大橋 晶子', '090-2000-1007', '埼玉県川口市中央1-1-1'),
  ('66666666-6666-4666-8666-000000000015', 'buyer', 'takeda@example.com', '武田 光輝', '080-2000-1008', '東京都板橋区大山東町1-10'),
  ('66666666-6666-4666-8666-000000000016', 'buyer', 'noguchi@example.com', '野口 早苗', '090-2000-1009', '東京都府中市寿町1-1-1'),
  ('66666666-6666-4666-8666-000000000017', 'buyer', 'horita@horita-jisho.example.jp', '堀田 優太', '06-6700-1110', '大阪府大阪市中央区南船場3-8-5'),
  ('66666666-6666-4666-8666-000000000018', 'buyer', 'araki@example.com', '荒木 香織', '080-2000-1011', '兵庫県神戸市東灘区岡本6-8-3'),
  ('66666666-6666-4666-8666-000000000019', 'buyer', 'kubo@example.com', '久保 拓実', '090-2000-1012', '愛知県名古屋市昭和区御器所3-15-2'),
  ('66666666-6666-4666-8666-000000000020', 'buyer', 'ueno@ueno-investment.example.jp', '上野 弘樹', '03-4800-1113', '東京都中央区銀座8-20-1'),
  ('66666666-6666-4666-8666-000000000021', 'buyer', 'arai@example.com', '新井 貴子', '080-2000-1014', '千葉県市川市八幡3-4-1')
ON CONFLICT (id) DO NOTHING;

-- =====================================================================
-- 3. プロファイル
-- =====================================================================
-- 売主プロファイル
INSERT INTO seller_profiles (id, user_id, referral_code) VALUES
  ('77777777-7777-4777-8777-000000000001', '55555555-5555-4555-8555-000000000001', 'REF-TANAKA-001'),
  ('77777777-7777-4777-8777-000000000002', '55555555-5555-4555-8555-000000000002', 'REF-SUZUKI-002'),
  ('77777777-7777-4777-8777-000000000003', '55555555-5555-4555-8555-000000000003', 'REF-ITO-003'),
  ('77777777-7777-4777-8777-000000000004', '55555555-5555-4555-8555-000000000004', NULL),
  ('77777777-7777-4777-8777-000000000005', '55555555-5555-4555-8555-000000000005', 'REF-WATANABE-004'),
  ('77777777-7777-4777-8777-000000000006', '55555555-5555-4555-8555-000000000006', 'REF-SASAKI-005'),
  ('77777777-7777-4777-8777-000000000007', '55555555-5555-4555-8555-000000000007', NULL),
  ('77777777-7777-4777-8777-000000000008', '55555555-5555-4555-8555-000000000008', 'REF-UCHIDA-006'),
  ('77777777-7777-4777-8777-000000000009', '55555555-5555-4555-8555-000000000009', 'REF-IMAI-007'),
  ('77777777-7777-4777-8777-000000000010', '55555555-5555-4555-8555-000000000010', 'REF-MAKINO-008'),
  ('77777777-7777-4777-8777-000000000011', '55555555-5555-4555-8555-000000000011', NULL),
  ('77777777-7777-4777-8777-000000000012', '55555555-5555-4555-8555-000000000012', 'REF-UCHIDA-009'),
  ('77777777-7777-4777-8777-000000000013', '55555555-5555-4555-8555-000000000013', 'REF-MORIMOTO-010'),
  ('77777777-7777-4777-8777-000000000014', '55555555-5555-4555-8555-000000000014', 'REF-MAKINO-011'),
  ('77777777-7777-4777-8777-000000000015', '55555555-5555-4555-8555-000000000015', 'REF-KIKUCHI-012')
ON CONFLICT (id) DO NOTHING;

-- 買い手プロファイル
INSERT INTO buyer_profiles (id, user_id, buyer_type, company_name, preferred_areas, preferred_price_min, preferred_price_max, preferred_property_types) VALUES
  ('88888888-8888-4888-8888-000000000001', '66666666-6666-4666-8666-000000000001', 'individual', NULL, '東京都,神奈川県', '30000000', '60000000', 'house,apartment'),
  ('88888888-8888-4888-8888-000000000002', '66666666-6666-4666-8666-000000000002', 'investor', '中央インベストメント株式会社', '東京都,千葉県,埼玉県', '50000000', '200000000', 'land,apartment'),
  ('88888888-8888-4888-8888-000000000003', '66666666-6666-4666-8666-000000000003', 'individual', NULL, '東京都', '40000000', '80000000', 'house'),
  ('88888888-8888-4888-8888-000000000004', '66666666-6666-4666-8666-000000000004', 'real_estate_company', '西村不動産株式会社', '神奈川県,東京都', '20000000', '150000000', 'house,land,apartment'),
  ('88888888-8888-4888-8888-000000000005', '66666666-6666-4666-8666-000000000005', 'individual', NULL, '東京都', '30000000', '50000000', 'apartment'),
  ('88888888-8888-4888-8888-000000000006', '66666666-6666-4666-8666-000000000006', 'other_company', '関東エステートホールディングス', '東京都,埼玉県,千葉県', '60000000', '300000000', 'land,apartment'),
  ('88888888-8888-4888-8888-000000000007', '66666666-6666-4666-8666-000000000007', 'individual', NULL, '大阪府,兵庫県', '20000000', '45000000', 'house'),
  ('88888888-8888-4888-8888-000000000008', '66666666-6666-4666-8666-000000000008', 'individual', NULL, '東京都', '35000000', '55000000', 'house'),
  ('88888888-8888-4888-8888-000000000009', '66666666-6666-4666-8666-000000000009', 'individual', NULL, '神奈川県', '30000000', '50000000', 'house,apartment'),
  ('88888888-8888-4888-8888-000000000010', '66666666-6666-4666-8666-000000000010', 'individual', NULL, '東京都', '40000000', '70000000', 'apartment'),
  ('88888888-8888-4888-8888-000000000011', '66666666-6666-4666-8666-000000000011', 'investor', '三浦不動産投資株式会社', '東京都,神奈川県', '100000000', '500000000', 'land,apartment'),
  ('88888888-8888-4888-8888-000000000012', '66666666-6666-4666-8666-000000000012', 'individual', NULL, '東京都', '25000000', '45000000', 'apartment'),
  ('88888888-8888-4888-8888-000000000013', '66666666-6666-4666-8666-000000000013', 'investor', '金田キャピタル株式会社', '東京都,千葉県', '80000000', '250000000', 'land'),
  ('88888888-8888-4888-8888-000000000014', '66666666-6666-4666-8666-000000000014', 'individual', NULL, '埼玉県,東京都', '25000000', '40000000', 'house'),
  ('88888888-8888-4888-8888-000000000015', '66666666-6666-4666-8666-000000000015', 'individual', NULL, '東京都', '30000000', '55000000', 'house,apartment'),
  ('88888888-8888-4888-8888-000000000016', '66666666-6666-4666-8666-000000000016', 'individual', NULL, '東京都,神奈川県', '28000000', '48000000', 'house'),
  ('88888888-8888-4888-8888-000000000017', '66666666-6666-4666-8666-000000000017', 'real_estate_company', '堀田地所株式会社', '大阪府,兵庫県', '30000000', '180000000', 'house,land,apartment'),
  ('88888888-8888-4888-8888-000000000018', '66666666-6666-4666-8666-000000000018', 'individual', NULL, '兵庫県', '35000000', '60000000', 'house'),
  ('88888888-8888-4888-8888-000000000019', '66666666-6666-4666-8666-000000000019', 'individual', NULL, '愛知県', '25000000', '45000000', 'house,apartment'),
  ('88888888-8888-4888-8888-000000000020', '66666666-6666-4666-8666-000000000020', 'other_company', '上野投資法人', '東京都,神奈川県,千葉県', '80000000', '400000000', 'land,apartment'),
  ('88888888-8888-4888-8888-000000000021', '66666666-6666-4666-8666-000000000021', 'individual', NULL, '千葉県,東京都', '25000000', '50000000', 'house,apartment')
ON CONFLICT (id) DO NOTHING;

-- =====================================================================
-- 4. 士業 / 業者
-- =====================================================================
-- 士業（田中税理士=税理士, 鈴木=司法書士, 伊藤=弁護士, 渡辺=行政書士）
INSERT INTO professionals (id, user_id, qualification_type, registration_number, verification_status, employment_type, office_name, office_address, office_phone, referral_code, payment_recipient, payment_recipient_name, bank_name, bank_branch, bank_account_type, bank_account_number, invoice_number) VALUES
  ('99999999-9999-4999-8999-000000000001', '44444444-4444-4444-8444-000000000001', 'tax_accountant', '110256', 'manually_verified', 'representative', '田中税理士事務所', '東京都中央区日本橋2-1-1 日本橋ビル5F', '03-5200-4001', 'PRO-TANAKA-TAX', 'office', '田中税理士事務所', 'みずほ銀行', '日本橋支店', '普通', '1001234', 'T3001234567890'),
  ('99999999-9999-4999-8999-000000000002', '44444444-4444-4444-8444-000000000002', 'judicial_scrivener', '東京-4523', 'manually_verified', 'sole_proprietor', '鈴木司法書士事務所', '東京都千代田区神田3-5-2 神田MKビル3F', '03-3800-4002', 'PRO-SUZUKI-SHO', 'self', '鈴木 明子', '三菱UFJ銀行', '神田支店', '普通', '2002345', 'T3002345678901'),
  ('99999999-9999-4999-8999-000000000003', '44444444-4444-4444-8444-000000000003', 'lawyer', '32456', 'manually_verified', 'representative', '伊藤総合法律事務所', '東京都渋谷区渋谷1-12-1 渋谷スクエア7F', '03-3500-4003', 'PRO-ITO-LAW', 'office', '伊藤総合法律事務所', '三井住友銀行', '渋谷支店', '普通', '3003456', 'T3003456789012'),
  ('99999999-9999-4999-8999-000000000004', '44444444-4444-4444-8444-000000000004', 'administrative_scrivener', '大阪-20134', 'auto_verified', 'sole_proprietor', '渡辺行政書士事務所', '大阪府大阪市中央区本町4-2-5 本町センタービル4F', '06-6400-4004', 'PRO-WATANABE-GYO', 'self', '渡辺 千夏', 'りそな銀行', '本町支店', '普通', '4004567', 'T3004567890123'),
  ('99999999-9999-4999-8999-000000000005', '44444444-4444-4444-8444-000000000005', 'tax_accountant', '120789', 'manually_verified', 'representative', '佐々木税理士法人', '東京都品川区大崎2-1-1 ThinkPark Tower 20F', '03-5700-5005', 'PRO-SASAKI-TAX', 'office', '佐々木税理士法人', 'みずほ銀行', '大崎支店', '普通', '5005555', 'T3005555667788'),
  ('99999999-9999-4999-8999-000000000006', '44444444-4444-4444-8444-000000000006', 'judicial_scrivener', '神奈川-5821', 'auto_verified', 'sole_proprietor', '内田司法書士事務所', '神奈川県横浜市神奈川区鶴屋町3-30-8', '045-200-5006', 'PRO-UCHIDA-SHO', 'self', '内田 絵里', '横浜銀行', '横浜駅前支店', '普通', '6006666', 'T3006666778899'),
  ('99999999-9999-4999-8999-000000000007', '44444444-4444-4444-8444-000000000007', 'lawyer', '45678', 'manually_verified', 'representative', '岡本法律事務所', '東京都新宿区西新宿6-5-1 新宿アイランドタワー12F', '03-6700-5007', 'PRO-OKAMOTO-LAW', 'office', '岡本法律事務所', '三菱UFJ銀行', '西新宿支店', '普通', '7007777', 'T3007777889900'),
  ('99999999-9999-4999-8999-000000000008', '44444444-4444-4444-8444-000000000008', 'tax_accountant', '130456', 'manually_verified', 'sole_proprietor', '森本税理士事務所', '大阪府大阪市北区堂島1-6-20 堂島アバンザ3F', '06-6500-5008', 'PRO-MORIMOTO-TAX', 'self', '森本 隆弘', '三井住友銀行', '堂島支店', '普通', '8008888', 'T3008888990011'),
  ('99999999-9999-4999-8999-000000000009', '44444444-4444-4444-8444-000000000009', 'judicial_scrivener', '愛知-3312', 'manually_verified', 'sole_proprietor', '牧野司法書士事務所', '愛知県名古屋市中区丸の内3-19-12', '052-400-5009', 'PRO-MAKINO-SHO', 'self', '牧野 亜由美', '三菱UFJ銀行', '名古屋支店', '普通', '9009999', 'T3009999001122'),
  ('99999999-9999-4999-8999-000000000010', '44444444-4444-4444-8444-000000000010', 'administrative_scrivener', '福岡-11223', 'manually_verified', 'representative', '菊池行政書士事務所', '福岡県福岡市中央区天神2-14-8 天神センタービル6F', '092-300-5010', 'PRO-KIKUCHI-GYO', 'office', '菊池行政書士事務所', '福岡銀行', '天神支店', '普通', '1010111', 'T3010111223344'),
  ('99999999-9999-4999-8999-000000000011', '44444444-4444-4444-8444-000000000011', 'tax_accountant', '140890', 'manually_verified', 'sole_proprietor', '中島税理士事務所', '東京都中央区築地1-13-1 築地松竹ビル8F', '03-5500-5011', 'PRO-NAKAJIMA-TAX', 'self', '中島 直美', 'りそな銀行', '築地支店', '普通', '1111222', 'T3011222334455'),
  ('99999999-9999-4999-8999-000000000012', '44444444-4444-4444-8444-000000000012', 'lawyer', '56789', 'auto_verified', 'representative', '今井法律事務所', '兵庫県神戸市中央区磯上通8-1-23 三宮プラザ9F', '078-500-5012', 'PRO-IMAI-LAW', 'office', '今井法律事務所', '三井住友銀行', '三宮支店', '普通', '1212333', 'T3012333445566')
ON CONFLICT (id) DO NOTHING;

-- 士業NW所属（田中税理士・伊藤弁護士は首都圏NW所属、渡辺は関西NW）
INSERT INTO professional_nw_affiliations (id, professional_id, nw_company_id, joined_at) VALUES
  ('aaaaaaaa-aaaa-4aaa-8aaa-000000000001', '99999999-9999-4999-8999-000000000001', '11111111-1111-4111-8111-000000000001', '2025-06-01 00:00:00+09'),
  ('aaaaaaaa-aaaa-4aaa-8aaa-000000000002', '99999999-9999-4999-8999-000000000003', '11111111-1111-4111-8111-000000000001', '2025-07-15 00:00:00+09'),
  ('aaaaaaaa-aaaa-4aaa-8aaa-000000000003', '99999999-9999-4999-8999-000000000004', '11111111-1111-4111-8111-000000000002', '2025-09-01 00:00:00+09'),
  ('aaaaaaaa-aaaa-4aaa-8aaa-000000000004', '99999999-9999-4999-8999-000000000005', '11111111-1111-4111-8111-000000000006', '2025-10-01 00:00:00+09'),
  ('aaaaaaaa-aaaa-4aaa-8aaa-000000000005', '99999999-9999-4999-8999-000000000006', '11111111-1111-4111-8111-000000000001', '2025-11-01 00:00:00+09'),
  ('aaaaaaaa-aaaa-4aaa-8aaa-000000000006', '99999999-9999-4999-8999-000000000008', '11111111-1111-4111-8111-000000000002', '2025-08-15 00:00:00+09'),
  ('aaaaaaaa-aaaa-4aaa-8aaa-000000000007', '99999999-9999-4999-8999-000000000009', '11111111-1111-4111-8111-000000000004', '2025-09-20 00:00:00+09'),
  ('aaaaaaaa-aaaa-4aaa-8aaa-000000000008', '99999999-9999-4999-8999-000000000010', '11111111-1111-4111-8111-000000000003', '2025-10-10 00:00:00+09'),
  ('aaaaaaaa-aaaa-4aaa-8aaa-000000000009', '99999999-9999-4999-8999-000000000011', '11111111-1111-4111-8111-000000000006', '2025-12-05 00:00:00+09')
ON CONFLICT (id) DO NOTHING;

-- 業者
INSERT INTO brokers (id, user_id, company_name, representative_name, address, license_number, contact_person_name, bank_name, bank_branch, bank_account_type, bank_account_number, invoice_number, total_deals) VALUES
  ('bbbbbbbb-bbbb-4bbb-8bbb-000000000001', '33333333-3333-4333-8333-000000000001', '東京エステート株式会社', '佐藤 健二', '東京都新宿区西新宿2-8-1 新宿野村ビル12F', '東京都知事(3)第98765号', '佐藤 健二', '三菱UFJ銀行', '新宿支店', '普通', '5001111', 'T4001111223344', 18),
  ('bbbbbbbb-bbbb-4bbb-8bbb-000000000002', '33333333-3333-4333-8333-000000000002', '横浜リアリティー株式会社', '高橋 由美', '神奈川県横浜市西区みなとみらい3-3-1 クイーンズタワー10F', '神奈川県知事(5)第12345号', '高橋 由美', '横浜銀行', 'みなとみらい支店', '普通', '5002222', 'T4002222334455', 34),
  ('bbbbbbbb-bbbb-4bbb-8bbb-000000000003', '33333333-3333-4333-8333-000000000003', '関西不動産株式会社', '山本 直樹', '大阪府大阪市北区梅田1-1-3 大阪駅前第3ビル15F', '大阪府知事(4)第34567号', '山本 直樹', '三井住友銀行', '梅田支店', '普通', '5003333', 'T4003333445566', 8),
  ('bbbbbbbb-bbbb-4bbb-8bbb-000000000004', '33333333-3333-4333-8333-000000000004', '首都圏ハウスコンサルティング株式会社', '木村 誠司', '東京都千代田区神田1-5-1 神田プライム5F', '東京都知事(2)第55555号', '木村 誠司', 'みずほ銀行', '神田支店', '普通', '5004444', 'T4004444556677', 12),
  ('bbbbbbbb-bbbb-4bbb-8bbb-000000000005', '33333333-3333-4333-8333-000000000005', '千葉ベイエリア不動産株式会社', '太田 瞳', '千葉県千葉市美浜区幕張西2-3-1 イオンモール幕張新都心棟6F', '千葉県知事(2)第33333号', '太田 瞳', '千葉銀行', '幕張支店', '普通', '5005555', 'T4005555667788', 4),
  ('bbbbbbbb-bbbb-4bbb-8bbb-000000000006', '33333333-3333-4333-8333-000000000006', '埼玉中央不動産株式会社', '水野 武史', '埼玉県さいたま市大宮区桜木町1-10-1 大宮センタービル8F', '埼玉県知事(3)第44444号', '水野 武史', '埼玉りそな銀行', '大宮支店', '普通', '5006666', 'T4006666778899', 22),
  ('bbbbbbbb-bbbb-4bbb-8bbb-000000000007', '33333333-3333-4333-8333-000000000007', '神戸ブルーエステート株式会社', '池田 幸子', '兵庫県神戸市中央区三宮町1-8-1 センタープラザ7F', '兵庫県知事(4)第22222号', '池田 幸子', '三井住友銀行', '三宮支店', '普通', '5007777', 'T4007777889900', 15),
  ('bbbbbbbb-bbbb-4bbb-8bbb-000000000008', '33333333-3333-4333-8333-000000000008', '名古屋センターハウジング株式会社', '杉山 悟', '愛知県名古屋市中区栄3-5-12 栄タワー11F', '愛知県知事(3)第11111号', '杉山 悟', '三菱UFJ銀行', '栄町支店', '普通', '5008888', 'T4008888990011', 20),
  ('bbbbbbbb-bbbb-4bbb-8bbb-000000000009', '33333333-3333-4333-8333-000000000009', '福岡シティリアルティー株式会社', '古田 まり子', '福岡県福岡市博多区博多駅前2-10-1 博多ビジネスセンター9F', '福岡県知事(2)第77777号', '古田 まり子', '福岡銀行', '博多駅前支店', '普通', '5009999', 'T4009999001122', 6)
ON CONFLICT (id) DO NOTHING;

-- =====================================================================
-- 5. 物件（ステータス網羅）
-- =====================================================================
INSERT INTO properties (
  id, seller_id, referring_professional_id, referral_nw_company_id, referral_channel,
  assigned_broker_id, status, property_type, title, description,
  prefecture, city, address, nearest_station, walk_minutes,
  land_area, building_area, built_year, floors,
  asking_price, instant_price, urgency, is_registration_complete,
  bid_start_at, bid_end_at, published_at, closed_at, return_reason
) VALUES
-- ① 入札受付中: 世田谷の戸建て（父の相続、早期売却）
('c0000001-0001-4001-8001-000000000001',
  '55555555-5555-4555-8555-000000000001', '99999999-9999-4999-8999-000000000001', '11111111-1111-4111-8111-000000000001', 'nw',
  'bbbbbbbb-bbbb-4bbb-8bbb-000000000001', 'bidding', 'house',
  '世田谷区成城 相続戸建て（駅徒歩8分）',
  '父が相続した成城の戸建てです。築25年ですが外装塗装を10年前に実施。南向きで日当たり良好。相続人全員の合意取得済み、登記完了済みです。早期売却希望のため指値可。',
  '東京都', '世田谷区', '東京都世田谷区成城3-10-5', '成城学園前駅', 8,
  145, 118, 2000, 2, 52000000, 48000000, 'urgent', true,
  NOW() - INTERVAL '3 days', NOW() + INTERVAL '11 days', NOW() - INTERVAL '5 days', NULL, NULL),

-- ② 入札受付中: 横浜のマンション（母の相続）
('c0000001-0001-4001-8001-000000000002',
  '55555555-5555-4555-8555-000000000002', '99999999-9999-4999-8999-000000000002', NULL, 'direct',
  'bbbbbbbb-bbbb-4bbb-8bbb-000000000002', 'bidding', 'apartment',
  '横浜市中区 ブランズタワー相続物件（3LDK）',
  '母が相続したタワーマンション12階。眺望良好、管理費修繕積立金は平均的。リフォーム実施済みで引き渡しまでスムーズ対応可能です。',
  '神奈川県', '横浜市中区', '神奈川県横浜市中区本町6-50-10 ブランズタワー横浜 1205号室', '馬車道駅', 4,
  NULL, 78, 2015, 25, 68000000, NULL, 'three_months', true,
  NOW() - INTERVAL '6 days', NOW() + INTERVAL '8 days', NOW() - INTERVAL '8 days', NULL, NULL),

-- ③ 公開（登記中）: 埼玉の土地
('c0000001-0001-4001-8001-000000000003',
  '55555555-5555-4555-8555-000000000003', '99999999-9999-4999-8999-000000000001', '11111111-1111-4111-8111-000000000001', 'nw',
  NULL, 'published_registering', 'land',
  'さいたま市浦和区 相続土地（容積率200%）',
  '祖父から相続した更地です。現在相続登記手続き中（完了見込み6週間以内）。建築条件なし、ハウスメーカー選定自由。',
  '埼玉県', 'さいたま市浦和区', '埼玉県さいたま市浦和区北浦和4-5-6', '北浦和駅', 12,
  180, NULL, NULL, NULL, 38000000, NULL, 'one_year', false,
  NULL, NULL, NOW() - INTERVAL '14 days', NULL, NULL),

-- ④ 審査待ち: 千葉のアパート
('c0000001-0001-4001-8001-000000000004',
  '55555555-5555-4555-8555-000000000004', NULL, NULL, 'direct',
  NULL, 'reviewing', 'other',
  '千葉市中央区 1棟アパート（築古・利回り物件）',
  '父が経営していた木造アパートです。満室稼働中、想定利回り9.5%。建物は古いですが土地値として購入検討いただけます。',
  '千葉県', '千葉市中央区', '千葉県千葉市中央区新田町8-9', '千葉駅', 15,
  210, 245, 1988, 2, 29000000, NULL, 'three_months', false,
  NULL, NULL, NULL, NULL, NULL),

-- ⑤ 差戻し: 書類不備
('c0000001-0001-4001-8001-000000000005',
  '55555555-5555-4555-8555-000000000001', '99999999-9999-4999-8999-000000000001', '11111111-1111-4111-8111-000000000001', 'nw',
  NULL, 'returned', 'house',
  '練馬区石神井 築古戸建て',
  '叔父から相続した戸建てです。共有名義のため共有者全員の同意書類を準備中。',
  '東京都', '練馬区', '東京都練馬区石神井台3-4-5', '上石神井駅', 10,
  98, 82, 1985, 2, 31000000, NULL, 'undecided', false,
  NULL, NULL, NULL, NULL, '登記事項証明書と相続人全員の同意書の提出をお願いします。現在アップロードされている遺産分割協議書は署名欄が不完全です。'),

-- ⑥ 入札終了・承認待ち
('c0000001-0001-4001-8001-000000000006',
  '55555555-5555-4555-8555-000000000005', '99999999-9999-4999-8999-000000000004', '11111111-1111-4111-8111-000000000002', 'nw',
  'bbbbbbbb-bbbb-4bbb-8bbb-000000000003', 'pending_approval', 'house',
  '豊中市蛍池 南向き戸建て（全室リフォーム済）',
  '母が相続した戸建てです。全室フルリフォーム実施済み。ペット可、車庫2台分あり。',
  '大阪府', '豊中市', '大阪府豊中市蛍池西町2-6-1', '蛍池駅', 7,
  132, 108, 1995, 2, 44000000, 40000000, 'three_months', true,
  NOW() - INTERVAL '17 days', NOW() - INTERVAL '3 days', NOW() - INTERVAL '20 days', NULL, NULL),

-- ⑦ 成約済み
('c0000001-0001-4001-8001-000000000007',
  '55555555-5555-4555-8555-000000000002', '99999999-9999-4999-8999-000000000002', NULL, 'direct',
  'bbbbbbbb-bbbb-4bbb-8bbb-000000000002', 'closed', 'apartment',
  '川崎市麻生区 新百合ヶ丘マンション（3LDK）',
  '父から相続したマンション。リフォーム済みで即入居可能でした。',
  '神奈川県', '川崎市麻生区', '神奈川県川崎市麻生区万福寺1-2-3 新百合ヶ丘レジデンス 805号室', '新百合ヶ丘駅', 6,
  NULL, 72, 2008, 15, 42000000, 38000000, 'three_months', true,
  NOW() - INTERVAL '70 days', NOW() - INTERVAL '56 days', NOW() - INTERVAL '75 days', NOW() - INTERVAL '20 days', NULL),

-- ⑧ 不成立（入札0件・通常掲載切り替え候補）
('c0000001-0001-4001-8001-000000000008',
  '55555555-5555-4555-8555-000000000003', '99999999-9999-4999-8999-000000000003', '11111111-1111-4111-8111-000000000001', 'nw',
  NULL, 'failed', 'land',
  '所沢市 市街化調整区域の土地',
  '市街化調整区域内の土地です。建築には開発許可が必要。',
  '埼玉県', '所沢市', '埼玉県所沢市東所沢1-10-20', '東所沢駅', 18,
  320, NULL, NULL, NULL, 18000000, NULL, 'undecided', true,
  NOW() - INTERVAL '30 days', NOW() - INTERVAL '16 days', NOW() - INTERVAL '35 days', NULL, NULL),

-- ⑨ 公開中（入札前）
('c0000001-0001-4001-8001-000000000009',
  '55555555-5555-4555-8555-000000000004', '99999999-9999-4999-8999-000000000002', NULL, 'direct',
  NULL, 'published', 'apartment',
  '杉並区荻窪 南向きマンション（築8年）',
  '父が遺した築浅マンション。駅徒歩5分の好立地。',
  '東京都', '杉並区', '東京都杉並区荻窪5-15-8 荻窪ガーデンコート 502号室', '荻窪駅', 5,
  NULL, 65, 2018, 10, 58000000, 53000000, 'three_months', true,
  NULL, NULL, NOW() - INTERVAL '2 days', NULL, NULL),

-- ⑩ 通常掲載
('c0000001-0001-4001-8001-000000000010',
  '55555555-5555-4555-8555-000000000001', '99999999-9999-4999-8999-000000000001', '11111111-1111-4111-8111-000000000001', 'nw',
  NULL, 'normal_listing', 'house',
  '狛江市中和泉 中古戸建て',
  '祖母が住んでいた戸建て。築古のためリノベーション前提でご検討ください。',
  '東京都', '狛江市', '東京都狛江市中和泉3-8-12', '狛江駅', 11,
  88, 76, 1990, 2, 26000000, NULL, 'undecided', true,
  NULL, NULL, NOW() - INTERVAL '45 days', NULL, NULL),

-- ⑪ 入札受付中: 品川区戸越戸建て
('c0000001-0001-4001-8001-000000000011',
  '55555555-5555-4555-8555-000000000006', '99999999-9999-4999-8999-000000000005', '11111111-1111-4111-8111-000000000006', 'nw',
  'bbbbbbbb-bbbb-4bbb-8bbb-000000000004', 'bidding', 'house',
  '品川区戸越 閑静住宅地の戸建て（駅徒歩6分）',
  '祖父から相続した戸建て。閑静な住宅街、日当たり良好で相続人の合意も整っています。',
  '東京都', '品川区', '東京都品川区戸越2-1-5', '戸越銀座駅', 6,
  102, 95, 2005, 2, 58000000, NULL, 'three_months', true,
  NOW() - INTERVAL '4 days', NOW() + INTERVAL '10 days', NOW() - INTERVAL '7 days', NULL, NULL),

-- ⑫ 入札受付中: 江東区豊洲タワマン
('c0000001-0001-4001-8001-000000000012',
  '55555555-5555-4555-8555-000000000008', '99999999-9999-4999-8999-000000000006', NULL, 'direct',
  'bbbbbbbb-bbbb-4bbb-8bbb-000000000001', 'bidding', 'apartment',
  '江東区豊洲 湾岸タワーマンション（3LDK）',
  '父が相続したタワマン。湾岸の眺望が特徴、売主が海外在住のため早期売却希望。',
  '東京都', '江東区', '東京都江東区豊洲3-2-3 豊洲ベイサイドタワー 2805号室', '豊洲駅', 5,
  NULL, 82, 2012, 35, 78000000, 72000000, 'urgent', true,
  NOW() - INTERVAL '2 days', NOW() + INTERVAL '12 days', NOW() - INTERVAL '4 days', NULL, NULL),

-- ⑬ 入札受付中: 堺市リノベ戸建て
('c0000001-0001-4001-8001-000000000013',
  '55555555-5555-4555-8555-000000000013', '99999999-9999-4999-8999-000000000008', '11111111-1111-4111-8111-000000000002', 'nw',
  'bbbbbbbb-bbbb-4bbb-8bbb-000000000003', 'bidding', 'house',
  '堺市堺区 リノベ済み戸建て',
  '母が相続した戸建てを全面リノベーション済み。即入居可能。',
  '大阪府', '堺市', '大阪府堺市堺区南瓦町3-1', '堺東駅', 9,
  98, 86, 1998, 2, 36000000, 33000000, 'three_months', true,
  NOW() - INTERVAL '8 days', NOW() + INTERVAL '6 days', NOW() - INTERVAL '11 days', NULL, NULL),

-- ⑭ 入札受付中: 神戸六甲戸建て
('c0000001-0001-4001-8001-000000000014',
  '55555555-5555-4555-8555-000000000009', '99999999-9999-4999-8999-000000000012', '11111111-1111-4111-8111-000000000002', 'nw',
  'bbbbbbbb-bbbb-4bbb-8bbb-000000000007', 'bidding', 'house',
  '神戸市灘区 六甲の丘上戸建て',
  '父が相続した邸宅風戸建て。六甲の眺望と広い敷地、庭付き。',
  '兵庫県', '神戸市灘区', '兵庫県神戸市灘区六甲町3-1-1', '六甲駅', 14,
  220, 165, 1992, 2, 62000000, NULL, 'one_year', true,
  NOW() - INTERVAL '5 days', NOW() + INTERVAL '9 days', NOW() - INTERVAL '9 days', NULL, NULL),

-- ⑮ 公開（登記中）: 川越駅近土地
('c0000001-0001-4001-8001-000000000015',
  '55555555-5555-4555-8555-000000000010', '99999999-9999-4999-8999-000000000009', '11111111-1111-4111-8111-000000000004', 'nw',
  NULL, 'published_registering', 'land',
  '川越市新富町 駅近商業地（容積率400%）',
  '母が相続した商業地の土地。駅徒歩3分で将来的な再開発も期待できます。相続登記手続き中。',
  '埼玉県', '川越市', '埼玉県川越市新富町1-12-3', '本川越駅', 3,
  135, NULL, NULL, NULL, 85000000, NULL, 'one_year', false,
  NULL, NULL, NOW() - INTERVAL '22 days', NULL, NULL),

-- ⑯ 公開（登記中）: 京都御池マンション
('c0000001-0001-4001-8001-000000000016',
  '55555555-5555-4555-8555-000000000012', '99999999-9999-4999-8999-000000000006', NULL, 'direct',
  NULL, 'published_registering', 'apartment',
  '京都市中京区 御池近辺マンション（2LDK）',
  '叔母が相続したマンション。観光地にも近く、登記手続きは8週間以内完了見込み。',
  '京都府', '京都市中京区', '京都府京都市中京区烏丸通御池下ル 御池マンション 602号室', '烏丸御池駅', 4,
  NULL, 66, 2010, 10, 48000000, NULL, 'three_months', false,
  NULL, NULL, NOW() - INTERVAL '18 days', NULL, NULL),

-- ⑰ 審査待ち: 名古屋千種戸建て
('c0000001-0001-4001-8001-000000000017',
  '55555555-5555-4555-8555-000000000014', '99999999-9999-4999-8999-000000000009', '11111111-1111-4111-8111-000000000004', 'nw',
  NULL, 'reviewing', 'house',
  '名古屋市千種区 築浅戸建て',
  '父から相続した築浅戸建てです。登記完了済み、書類一式をアップロードしました。',
  '愛知県', '名古屋市千種区', '愛知県名古屋市千種区今池4-10-5', '今池駅', 8,
  115, 105, 2017, 2, 42000000, NULL, 'three_months', true,
  NULL, NULL, NULL, NULL, NULL),

-- ⑱ 審査待ち: 船橋駅前土地
('c0000001-0001-4001-8001-000000000018',
  '55555555-5555-4555-8555-000000000011', NULL, NULL, 'direct',
  NULL, 'reviewing', 'land',
  '船橋市本町 駅近土地',
  '祖父が遺した土地。現状駐車場として貸出中、契約解除予定。',
  '千葉県', '船橋市', '千葉県船橋市本町4-40-23', '船橋駅', 7,
  140, NULL, NULL, NULL, 52000000, 47000000, 'urgent', false,
  NULL, NULL, NULL, NULL, NULL),

-- ⑲ 差戻し: 大崎マンション
('c0000001-0001-4001-8001-000000000019',
  '55555555-5555-4555-8555-000000000006', '99999999-9999-4999-8999-000000000005', '11111111-1111-4111-8111-000000000006', 'nw',
  NULL, 'returned', 'apartment',
  '品川区大崎 中古マンション（2LDK）',
  '父から相続したマンションですが、相続人間の同意が一部未取得のため再提出予定。',
  '東京都', '品川区', '東京都品川区大崎3-5-1 大崎レジデンス 1205号室', '大崎駅', 6,
  NULL, 58, 2012, 18, 42000000, NULL, 'three_months', false,
  NULL, NULL, NULL, NULL, '相続人のうち長女の同意書が未提出です。遺産分割協議書への署名捺印、または分割協議書の正本をご提出ください。'),

-- ⑳ 差戻し: 福岡百道浜戸建て
('c0000001-0001-4001-8001-000000000020',
  '55555555-5555-4555-8555-000000000015', '99999999-9999-4999-8999-000000000010', '11111111-1111-4111-8111-000000000003', 'nw',
  NULL, 'returned', 'house',
  '福岡市早良区 百道浜近辺戸建て',
  '父から相続した戸建て。',
  '福岡県', '福岡市早良区', '福岡県福岡市早良区百道浜2-3-1', '西新駅', 13,
  130, 112, 2001, 2, 46000000, NULL, 'three_months', false,
  NULL, NULL, NULL, NULL, '登記事項証明書の写しが古い日付のため、3ヶ月以内発行のものを再提出ください。固定資産税評価証明書もあわせてご提出ください。'),

-- ㉑ 承認待ち: 江東区東雲タワマン
('c0000001-0001-4001-8001-000000000021',
  '55555555-5555-4555-8555-000000000008', '99999999-9999-4999-8999-000000000006', NULL, 'direct',
  'bbbbbbbb-bbbb-4bbb-8bbb-000000000001', 'pending_approval', 'apartment',
  '江東区東雲 タワーマンション（4LDK）',
  '父が相続したタワーマンション。リフォーム済み、ペット可。',
  '東京都', '江東区', '東京都江東区東雲1-8-2 東雲タワーレジデンス 2803号室', '豊洲駅', 10,
  NULL, 95, 2016, 40, 82000000, 76000000, 'three_months', true,
  NOW() - INTERVAL '19 days', NOW() - INTERVAL '5 days', NOW() - INTERVAL '22 days', NULL, NULL),

-- ㉒ 承認待ち: 名古屋御器所戸建て
('c0000001-0001-4001-8001-000000000022',
  '55555555-5555-4555-8555-000000000014', '99999999-9999-4999-8999-000000000009', '11111111-1111-4111-8111-000000000004', 'nw',
  'bbbbbbbb-bbbb-4bbb-8bbb-000000000008', 'pending_approval', 'house',
  '名古屋市昭和区 御器所の戸建て',
  '母が相続した戸建て。庭付き、駐車場2台分。',
  '愛知県', '名古屋市昭和区', '愛知県名古屋市昭和区御器所3-15-2', '御器所駅', 5,
  145, 122, 2003, 2, 54000000, NULL, 'three_months', true,
  NOW() - INTERVAL '16 days', NOW() - INTERVAL '2 days', NOW() - INTERVAL '19 days', NULL, NULL),

-- ㉓ 成約: 藤沢辻堂マンション
('c0000001-0001-4001-8001-000000000023',
  '55555555-5555-4555-8555-000000000007', NULL, NULL, 'direct',
  'bbbbbbbb-bbbb-4bbb-8bbb-000000000002', 'closed', 'apartment',
  '藤沢市辻堂 海が見えるマンション（3LDK）',
  '父から相続したマンション。海に近く開放感があります。',
  '神奈川県', '藤沢市', '神奈川県藤沢市辻堂元町4-8-2', '辻堂駅', 12,
  NULL, 78, 2013, 14, 52000000, 48000000, 'three_months', true,
  NOW() - INTERVAL '95 days', NOW() - INTERVAL '81 days', NOW() - INTERVAL '100 days', NOW() - INTERVAL '35 days', NULL),

-- ㉔ 成約: 福岡薬院戸建て
('c0000001-0001-4001-8001-000000000024',
  '55555555-5555-4555-8555-000000000015', '99999999-9999-4999-8999-000000000010', '11111111-1111-4111-8111-000000000003', 'nw',
  'bbbbbbbb-bbbb-4bbb-8bbb-000000000009', 'closed', 'house',
  '福岡市中央区 薬院戸建て',
  '叔父が遺した戸建て。全面リフォーム済み。',
  '福岡県', '福岡市中央区', '福岡県福岡市中央区薬院3-7-15', '薬院駅', 4,
  105, 92, 1999, 2, 38000000, 35000000, 'three_months', true,
  NOW() - INTERVAL '110 days', NOW() - INTERVAL '96 days', NOW() - INTERVAL '115 days', NOW() - INTERVAL '45 days', NULL),

-- ㉕ 不成立: 足立区築古戸建て
('c0000001-0001-4001-8001-000000000025',
  '55555555-5555-4555-8555-000000000001', '99999999-9999-4999-8999-000000000002', NULL, 'direct',
  NULL, 'failed', 'house',
  '足立区竹の塚 築古戸建て',
  '長年空き家でした。傾きあり、解体前提で検討ください。',
  '東京都', '足立区', '東京都足立区竹の塚6-8-10', '竹ノ塚駅', 12,
  76, 68, 1972, 2, 14000000, NULL, 'undecided', true,
  NOW() - INTERVAL '50 days', NOW() - INTERVAL '36 days', NOW() - INTERVAL '55 days', NULL, NULL),

-- ㉖ 不成立: 京都伏見マンション
('c0000001-0001-4001-8001-000000000026',
  '55555555-5555-4555-8555-000000000012', '99999999-9999-4999-8999-000000000006', NULL, 'direct',
  NULL, 'failed', 'apartment',
  '京都市伏見区 築古マンション',
  '空室期間が長く内装劣化あり。',
  '京都府', '京都市伏見区', '京都府京都市伏見区深草西浦町7-12', '伏見駅', 11,
  NULL, 54, 1982, 6, 12000000, NULL, 'undecided', true,
  NOW() - INTERVAL '40 days', NOW() - INTERVAL '26 days', NOW() - INTERVAL '45 days', NULL, NULL),

-- ㉗ 公開中: 五反田マンション
('c0000001-0001-4001-8001-000000000027',
  '55555555-5555-4555-8555-000000000006', '99999999-9999-4999-8999-000000000005', '11111111-1111-4111-8111-000000000006', 'nw',
  NULL, 'published', 'apartment',
  '品川区西五反田 駅近マンション（2LDK）',
  '祖母が住んでいたマンション。リフォーム済み、駅徒歩4分の好立地。',
  '東京都', '品川区', '東京都品川区西五反田7-20-3 五反田プラザ 705号室', '五反田駅', 4,
  NULL, 62, 2014, 12, 62000000, 58000000, 'three_months', true,
  NULL, NULL, NOW() - INTERVAL '1 day', NULL, NULL),

-- ㉘ 公開中: 堺市なかもず土地
('c0000001-0001-4001-8001-000000000028',
  '55555555-5555-4555-8555-000000000013', '99999999-9999-4999-8999-000000000008', '11111111-1111-4111-8111-000000000002', 'nw',
  NULL, 'published', 'land',
  '堺市北区 駅徒歩10分の土地',
  '父から相続した更地。建築条件なし、駐車場4台設置可能なサイズ。',
  '大阪府', '堺市北区', '大阪府堺市北区中百舌鳥町2-80', 'なかもず駅', 10,
  165, NULL, NULL, NULL, 28000000, NULL, 'three_months', true,
  NULL, NULL, NOW() - INTERVAL '3 days', NULL, NULL),

-- ㉙ 通常掲載: 船橋木造アパート
('c0000001-0001-4001-8001-000000000029',
  '55555555-5555-4555-8555-000000000011', NULL, NULL, 'direct',
  NULL, 'normal_listing', 'other',
  '船橋市習志野台 木造アパート（利回り物件）',
  '父が経営していたアパート。満室稼働中、想定利回り8%。',
  '千葉県', '船橋市', '千葉県船橋市習志野台3-20-5', '北習志野駅', 13,
  180, 168, 1990, 2, 32000000, NULL, 'undecided', true,
  NULL, NULL, NOW() - INTERVAL '60 days', NULL, NULL),

-- ㉚ 通常掲載: 神戸東灘区マンション
('c0000001-0001-4001-8001-000000000030',
  '55555555-5555-4555-8555-000000000009', '99999999-9999-4999-8999-000000000012', '11111111-1111-4111-8111-000000000002', 'nw',
  NULL, 'normal_listing', 'apartment',
  '神戸市東灘区 築古マンション（2DK）',
  '叔父が遺したマンション。リノベ前提で検討ください。',
  '兵庫県', '神戸市東灘区', '兵庫県神戸市東灘区岡本6-8-3 岡本ハイツ 303号室', '岡本駅', 8,
  NULL, 48, 1985, 5, 16000000, NULL, 'undecided', true,
  NULL, NULL, NOW() - INTERVAL '55 days', NULL, NULL)
ON CONFLICT (id) DO NOTHING;

-- =====================================================================
-- 6. 入札
-- =====================================================================
-- 物件① 世田谷戸建て（bidding）: 4件の入札
INSERT INTO bids (id, property_id, buyer_id, amount, status, note, created_at) VALUES
  ('d0000001-0001-4001-8001-000000000001', 'c0000001-0001-4001-8001-000000000001', '66666666-6666-4666-8666-000000000001', 50000000, 'active', '現金一括、2週間以内に決済可能です。', NOW() - INTERVAL '2 days'),
  ('d0000001-0001-4001-8001-000000000002', 'c0000001-0001-4001-8001-000000000001', '66666666-6666-4666-8666-000000000003', 51500000, 'active', 'ローン事前審査通過済み。', NOW() - INTERVAL '1 day 12 hours'),
  ('d0000001-0001-4001-8001-000000000003', 'c0000001-0001-4001-8001-000000000001', '66666666-6666-4666-8666-000000000002', 53000000, 'active', '投資目的、賃貸運用検討中。', NOW() - INTERVAL '18 hours'),
  ('d0000001-0001-4001-8001-000000000004', 'c0000001-0001-4001-8001-000000000001', '66666666-6666-4666-8666-000000000004', 52500000, 'active', '自社買取可能、現状有姿で構いません。', NOW() - INTERVAL '6 hours')
ON CONFLICT (id) DO NOTHING;

-- 物件② 横浜マンション（bidding）: 3件
INSERT INTO bids (id, property_id, buyer_id, amount, status, note, created_at) VALUES
  ('d0000001-0001-4001-8001-000000000005', 'c0000001-0001-4001-8001-000000000002', '66666666-6666-4666-8666-000000000002', 65000000, 'active', NULL, NOW() - INTERVAL '4 days'),
  ('d0000001-0001-4001-8001-000000000006', 'c0000001-0001-4001-8001-000000000002', '66666666-6666-4666-8666-000000000006', 67000000, 'active', '親族向けに購入予定。', NOW() - INTERVAL '2 days'),
  ('d0000001-0001-4001-8001-000000000007', 'c0000001-0001-4001-8001-000000000002', '66666666-6666-4666-8666-000000000004', 66500000, 'active', NULL, NOW() - INTERVAL '1 day')
ON CONFLICT (id) DO NOTHING;

-- 物件⑥ 豊中戸建て（pending_approval）: 売主が最高額以外を選択
INSERT INTO bids (id, property_id, buyer_id, amount, status, note, selection_reason, selection_reason_detail, created_at) VALUES
  ('d0000001-0001-4001-8001-000000000008', 'c0000001-0001-4001-8001-000000000006', '66666666-6666-4666-8666-000000000007', 43000000, 'selected', '地元で長年不動産業を営んでおります。', 'credit_concern', '最高額入札者は個人のため、融資実行の確実性を考慮し2位の事業者を選択しました。', NOW() - INTERVAL '10 days'),
  ('d0000001-0001-4001-8001-000000000009', 'c0000001-0001-4001-8001-000000000006', '66666666-6666-4666-8666-000000000005', 43800000, 'rejected', NULL, NULL, NULL, NOW() - INTERVAL '8 days'),
  ('d0000001-0001-4001-8001-000000000010', 'c0000001-0001-4001-8001-000000000006', '66666666-6666-4666-8666-000000000003', 42500000, 'rejected', NULL, NULL, NULL, NOW() - INTERVAL '12 days')
ON CONFLICT (id) DO NOTHING;

-- 物件⑦ 新百合ヶ丘マンション（closed）: 成約済み
INSERT INTO bids (id, property_id, buyer_id, amount, status, note, created_at) VALUES
  ('d0000001-0001-4001-8001-000000000011', 'c0000001-0001-4001-8001-000000000007', '66666666-6666-4666-8666-000000000001', 41500000, 'selected', '家族で住む予定です。', NOW() - INTERVAL '60 days'),
  ('d0000001-0001-4001-8001-000000000012', 'c0000001-0001-4001-8001-000000000007', '66666666-6666-4666-8666-000000000005', 40000000, 'rejected', NULL, NOW() - INTERVAL '62 days')
ON CONFLICT (id) DO NOTHING;

-- 物件⑪ 品川区戸越（bidding）: 3件
INSERT INTO bids (id, property_id, buyer_id, amount, status, note, created_at) VALUES
  ('d0000001-0001-4001-8001-000000000013', 'c0000001-0001-4001-8001-000000000011', '66666666-6666-4666-8666-000000000001', 56000000, 'active', '自己居住用、ローン審査通過済み。', NOW() - INTERVAL '3 days'),
  ('d0000001-0001-4001-8001-000000000014', 'c0000001-0001-4001-8001-000000000011', '66666666-6666-4666-8666-000000000010', 57500000, 'active', '家族で住む予定です。', NOW() - INTERVAL '1 day'),
  ('d0000001-0001-4001-8001-000000000015', 'c0000001-0001-4001-8001-000000000011', '66666666-6666-4666-8666-000000000013', 59000000, 'active', '投資目的で購入検討。', NOW() - INTERVAL '10 hours')
ON CONFLICT (id) DO NOTHING;

-- 物件⑫ 江東区豊洲タワマン（bidding）: 5件
INSERT INTO bids (id, property_id, buyer_id, amount, status, note, created_at) VALUES
  ('d0000001-0001-4001-8001-000000000016', 'c0000001-0001-4001-8001-000000000012', '66666666-6666-4666-8666-000000000002', 73000000, 'active', '運用向き、即決済可能。', NOW() - INTERVAL '36 hours'),
  ('d0000001-0001-4001-8001-000000000017', 'c0000001-0001-4001-8001-000000000012', '66666666-6666-4666-8666-000000000006', 76000000, 'active', NULL, NOW() - INTERVAL '24 hours'),
  ('d0000001-0001-4001-8001-000000000018', 'c0000001-0001-4001-8001-000000000012', '66666666-6666-4666-8666-000000000020', 78500000, 'active', '法人購入、買付証明発行可能。', NOW() - INTERVAL '18 hours'),
  ('d0000001-0001-4001-8001-000000000019', 'c0000001-0001-4001-8001-000000000012', '66666666-6666-4666-8666-000000000013', 75500000, 'active', '現金決済で対応可。', NOW() - INTERVAL '12 hours'),
  ('d0000001-0001-4001-8001-000000000020', 'c0000001-0001-4001-8001-000000000012', '66666666-6666-4666-8666-000000000011', 77000000, 'active', '物件見学希望、別途調整お願いします。', NOW() - INTERVAL '4 hours')
ON CONFLICT (id) DO NOTHING;

-- 物件⑬ 堺リノベ戸建て（bidding）: 2件
INSERT INTO bids (id, property_id, buyer_id, amount, status, note, created_at) VALUES
  ('d0000001-0001-4001-8001-000000000021', 'c0000001-0001-4001-8001-000000000013', '66666666-6666-4666-8666-000000000017', 34500000, 'active', '地元業者として事業用で購入検討。', NOW() - INTERVAL '5 days'),
  ('d0000001-0001-4001-8001-000000000022', 'c0000001-0001-4001-8001-000000000013', '66666666-6666-4666-8666-000000000007', 35500000, 'active', NULL, NOW() - INTERVAL '2 days')
ON CONFLICT (id) DO NOTHING;

-- 物件⑭ 神戸六甲戸建て（bidding）: 3件
INSERT INTO bids (id, property_id, buyer_id, amount, status, note, created_at) VALUES
  ('d0000001-0001-4001-8001-000000000023', 'c0000001-0001-4001-8001-000000000014', '66666666-6666-4666-8666-000000000018', 58000000, 'active', '地元で住み替え検討、ローン事前審査通過。', NOW() - INTERVAL '4 days'),
  ('d0000001-0001-4001-8001-000000000024', 'c0000001-0001-4001-8001-000000000014', '66666666-6666-4666-8666-000000000017', 60000000, 'active', NULL, NOW() - INTERVAL '2 days'),
  ('d0000001-0001-4001-8001-000000000025', 'c0000001-0001-4001-8001-000000000014', '66666666-6666-4666-8666-000000000004', 61500000, 'active', '関東・関西問わず対応可能。', NOW() - INTERVAL '1 day')
ON CONFLICT (id) DO NOTHING;

-- 物件㉑ 東雲タワマン（pending_approval）: 4件 - 最高額を選択
INSERT INTO bids (id, property_id, buyer_id, amount, status, note, selection_reason, selection_reason_detail, created_at) VALUES
  ('d0000001-0001-4001-8001-000000000026', 'c0000001-0001-4001-8001-000000000021', '66666666-6666-4666-8666-000000000002', 78000000, 'rejected', NULL, NULL, NULL, NOW() - INTERVAL '14 days'),
  ('d0000001-0001-4001-8001-000000000027', 'c0000001-0001-4001-8001-000000000021', '66666666-6666-4666-8666-000000000020', 82000000, 'selected', '決済能力十分、契約締結スムーズに進められます。', 'highest_amount', NULL, NOW() - INTERVAL '10 days'),
  ('d0000001-0001-4001-8001-000000000028', 'c0000001-0001-4001-8001-000000000021', '66666666-6666-4666-8666-000000000006', 79500000, 'rejected', NULL, NULL, NULL, NOW() - INTERVAL '9 days'),
  ('d0000001-0001-4001-8001-000000000029', 'c0000001-0001-4001-8001-000000000021', '66666666-6666-4666-8666-000000000011', 80500000, 'rejected', NULL, NULL, NULL, NOW() - INTERVAL '7 days')
ON CONFLICT (id) DO NOTHING;

-- 物件㉒ 御器所戸建て（pending_approval）: 売主が最高額以外を選択
INSERT INTO bids (id, property_id, buyer_id, amount, status, note, selection_reason, selection_reason_detail, created_at) VALUES
  ('d0000001-0001-4001-8001-000000000030', 'c0000001-0001-4001-8001-000000000022', '66666666-6666-4666-8666-000000000019', 53000000, 'selected', '地元在住で早期決済希望です。', 'speed', '現金での即時決済に対応いただけるため選択。', NOW() - INTERVAL '12 days'),
  ('d0000001-0001-4001-8001-000000000031', 'c0000001-0001-4001-8001-000000000022', '66666666-6666-4666-8666-000000000013', 54500000, 'rejected', NULL, NULL, NULL, NOW() - INTERVAL '10 days'),
  ('d0000001-0001-4001-8001-000000000032', 'c0000001-0001-4001-8001-000000000022', '66666666-6666-4666-8666-000000000011', 53800000, 'rejected', NULL, NULL, NULL, NOW() - INTERVAL '9 days')
ON CONFLICT (id) DO NOTHING;

-- 物件㉓ 辻堂マンション（closed）: 2件
INSERT INTO bids (id, property_id, buyer_id, amount, status, note, selection_reason, selection_reason_detail, created_at) VALUES
  ('d0000001-0001-4001-8001-000000000033', 'c0000001-0001-4001-8001-000000000023', '66666666-6666-4666-8666-000000000009', 51000000, 'selected', 'ローン事前審査通過、海近の物件を探していました。', 'highest_amount', NULL, NOW() - INTERVAL '85 days'),
  ('d0000001-0001-4001-8001-000000000034', 'c0000001-0001-4001-8001-000000000023', '66666666-6666-4666-8666-000000000004', 50000000, 'rejected', NULL, NULL, NULL, NOW() - INTERVAL '86 days')
ON CONFLICT (id) DO NOTHING;

-- 物件㉔ 薬院戸建て（closed）: 2件
INSERT INTO bids (id, property_id, buyer_id, amount, status, note, selection_reason, selection_reason_detail, created_at) VALUES
  ('d0000001-0001-4001-8001-000000000035', 'c0000001-0001-4001-8001-000000000024', '66666666-6666-4666-8666-000000000015', 37500000, 'selected', '住宅購入検討中、ローン審査通過。', 'highest_amount', NULL, NOW() - INTERVAL '100 days'),
  ('d0000001-0001-4001-8001-000000000036', 'c0000001-0001-4001-8001-000000000024', '66666666-6666-4666-8666-000000000013', 36000000, 'rejected', NULL, NULL, NULL, NOW() - INTERVAL '102 days')
ON CONFLICT (id) DO NOTHING;

-- =====================================================================
-- 7. 案件（cases）
-- =====================================================================
-- 豊中戸建て: 業者割当→売主連絡完了
INSERT INTO cases (id, property_id, broker_id, buyer_id, seller_id, status, created_at, updated_at) VALUES
  ('e0000001-0001-4001-8001-000000000001',
    'c0000001-0001-4001-8001-000000000006',
    'bbbbbbbb-bbbb-4bbb-8bbb-000000000003',
    '66666666-6666-4666-8666-000000000007',
    '55555555-5555-4555-8555-000000000005',
    'seller_contacted',
    NOW() - INTERVAL '2 days', NOW() - INTERVAL '1 day')
ON CONFLICT (id) DO NOTHING;

-- 新百合ヶ丘マンション: 決済完了
INSERT INTO cases (id, property_id, broker_id, buyer_id, seller_id, status, explanation_doc_url, contract_doc_url, settlement_doc_url, created_at, updated_at) VALUES
  ('e0000001-0001-4001-8001-000000000002',
    'c0000001-0001-4001-8001-000000000007',
    'bbbbbbbb-bbbb-4bbb-8bbb-000000000002',
    '66666666-6666-4666-8666-000000000001',
    '55555555-5555-4555-8555-000000000002',
    'settlement_done',
    'https://example.com/docs/explanation-007.pdf',
    'https://example.com/docs/contract-007.pdf',
    'https://example.com/docs/settlement-007.pdf',
    NOW() - INTERVAL '55 days', NOW() - INTERVAL '20 days')
ON CONFLICT (id) DO NOTHING;

-- 東雲タワマン（㉑）: 業者割当直後
INSERT INTO cases (id, property_id, broker_id, buyer_id, seller_id, status, created_at, updated_at) VALUES
  ('e0000001-0001-4001-8001-000000000003',
    'c0000001-0001-4001-8001-000000000021',
    'bbbbbbbb-bbbb-4bbb-8bbb-000000000001',
    '66666666-6666-4666-8666-000000000020',
    '55555555-5555-4555-8555-000000000008',
    'broker_assigned',
    NOW() - INTERVAL '3 days', NOW() - INTERVAL '3 days')
ON CONFLICT (id) DO NOTHING;

-- 御器所戸建て（㉒）: 買い手連絡済み
INSERT INTO cases (id, property_id, broker_id, buyer_id, seller_id, status, created_at, updated_at) VALUES
  ('e0000001-0001-4001-8001-000000000004',
    'c0000001-0001-4001-8001-000000000022',
    'bbbbbbbb-bbbb-4bbb-8bbb-000000000008',
    '66666666-6666-4666-8666-000000000019',
    '55555555-5555-4555-8555-000000000014',
    'buyer_contacted',
    NOW() - INTERVAL '1 day', NOW() - INTERVAL '6 hours')
ON CONFLICT (id) DO NOTHING;

-- 辻堂マンション（㉓）: 決済完了
INSERT INTO cases (id, property_id, broker_id, buyer_id, seller_id, status, explanation_doc_url, contract_doc_url, settlement_doc_url, created_at, updated_at) VALUES
  ('e0000001-0001-4001-8001-000000000005',
    'c0000001-0001-4001-8001-000000000023',
    'bbbbbbbb-bbbb-4bbb-8bbb-000000000002',
    '66666666-6666-4666-8666-000000000009',
    '55555555-5555-4555-8555-000000000007',
    'settlement_done',
    'https://example.com/docs/explanation-023.pdf',
    'https://example.com/docs/contract-023.pdf',
    'https://example.com/docs/settlement-023.pdf',
    NOW() - INTERVAL '80 days', NOW() - INTERVAL '35 days')
ON CONFLICT (id) DO NOTHING;

-- 薬院戸建て（㉔）: 契約締結（決済前）
INSERT INTO cases (id, property_id, broker_id, buyer_id, seller_id, status, explanation_doc_url, contract_doc_url, created_at, updated_at) VALUES
  ('e0000001-0001-4001-8001-000000000006',
    'c0000001-0001-4001-8001-000000000024',
    'bbbbbbbb-bbbb-4bbb-8bbb-000000000009',
    '66666666-6666-4666-8666-000000000015',
    '55555555-5555-4555-8555-000000000015',
    'contract_signed',
    'https://example.com/docs/explanation-024.pdf',
    'https://example.com/docs/contract-024.pdf',
    NOW() - INTERVAL '95 days', NOW() - INTERVAL '50 days')
ON CONFLICT (id) DO NOTHING;

-- 案件メッセージ（新百合ヶ丘のやり取り）
INSERT INTO case_messages (id, case_id, sender_id, body, created_at) VALUES
  ('f0000001-0001-4001-8001-000000000001', 'e0000001-0001-4001-8001-000000000002', '33333333-3333-4333-8333-000000000002', '売主様・買い手様、担当の高橋です。本日より担当させていただきます。重要事項説明の日程調整をお願いしたくご連絡しました。', NOW() - INTERVAL '54 days'),
  ('f0000001-0001-4001-8001-000000000002', 'e0000001-0001-4001-8001-000000000002', '55555555-5555-4555-8555-000000000002', 'よろしくお願いします。平日夜または週末でしたら調整可能です。', NOW() - INTERVAL '53 days'),
  ('f0000001-0001-4001-8001-000000000003', 'e0000001-0001-4001-8001-000000000002', '66666666-6666-4666-8666-000000000001', '私も週末希望です。来週の土曜午前はいかがでしょうか。', NOW() - INTERVAL '53 days' + INTERVAL '2 hours'),
  -- 東雲タワマン（㉑）案件割当直後
  ('f0000001-0001-4001-8001-000000000004', 'e0000001-0001-4001-8001-000000000003', '33333333-3333-4333-8333-000000000001', '売主様・買い手様、本件を担当させていただく東京エステートの佐藤です。まずは売主様のご都合を確認させていただき、順次進めてまいります。', NOW() - INTERVAL '3 days'),
  -- 御器所戸建て（㉒）買い手連絡済み
  ('f0000001-0001-4001-8001-000000000005', 'e0000001-0001-4001-8001-000000000004', '33333333-3333-4333-8333-000000000008', '買い手様、名古屋センターハウジングの杉山です。重要事項説明の日程ですが、来週平日の午前中はご都合いかがでしょうか。', NOW() - INTERVAL '12 hours'),
  ('f0000001-0001-4001-8001-000000000006', 'e0000001-0001-4001-8001-000000000004', '66666666-6666-4666-8666-000000000019', '杉山様、ご連絡ありがとうございます。水曜10時希望です。', NOW() - INTERVAL '6 hours'),
  -- 辻堂マンション（㉓）決済完了
  ('f0000001-0001-4001-8001-000000000007', 'e0000001-0001-4001-8001-000000000005', '33333333-3333-4333-8333-000000000002', '決済が無事完了しました。鍵の引き渡しはご自宅にて15日15時でお願いします。', NOW() - INTERVAL '36 days'),
  -- 薬院戸建て（㉔）契約締結後
  ('f0000001-0001-4001-8001-000000000008', 'e0000001-0001-4001-8001-000000000006', '33333333-3333-4333-8333-000000000009', '契約締結完了しました。決済は来月20日を予定しています。当日までに必要書類のご準備をお願いいたします。', NOW() - INTERVAL '50 days')
ON CONFLICT (id) DO NOTHING;

-- =====================================================================
-- 8. 通知
-- =====================================================================
INSERT INTO notifications (id, user_id, event, channel, title, body, related_entity_type, related_entity_id, is_read, sent_at) VALUES
  -- 売主 小林さん宛: 新規入札
  ('aa000001-0001-4001-8001-000000000001', '55555555-5555-4555-8555-000000000001', 'bid_received', 'system', '新しい入札が届きました', '「世田谷区成城 相続戸建て」に 5,300万円 の入札がありました。', 'property', 'c0000001-0001-4001-8001-000000000001', false, NOW() - INTERVAL '18 hours'),
  ('aa000001-0001-4001-8001-000000000002', '55555555-5555-4555-8555-000000000001', 'bid_received', 'system', '新しい入札が届きました', '「世田谷区成城 相続戸建て」に 5,250万円 の入札がありました。', 'property', 'c0000001-0001-4001-8001-000000000001', false, NOW() - INTERVAL '6 hours'),
  -- 売主 中村さん宛: 入札
  ('aa000001-0001-4001-8001-000000000003', '55555555-5555-4555-8555-000000000002', 'bid_received', 'system', '新しい入札が届きました', '「横浜市中区 ブランズタワー相続物件」に 6,700万円 の入札がありました。', 'property', 'c0000001-0001-4001-8001-000000000002', true, NOW() - INTERVAL '2 days'),
  -- 売主 橋本さん宛: 差戻し
  ('aa000001-0001-4001-8001-000000000004', '55555555-5555-4555-8555-000000000001', 'property_returned', 'email', '物件の審査結果について', '「練馬区石神井 築古戸建て」の審査で書類不備が見つかりました。詳細をご確認ください。', 'property', 'c0000001-0001-4001-8001-000000000005', true, NOW() - INTERVAL '5 days'),
  -- 買い手 森田さん宛: 落札
  ('aa000001-0001-4001-8001-000000000005', '66666666-6666-4666-8666-000000000001', 'bid_selected', 'email', 'あなたの入札が選ばれました', '「新百合ヶ丘マンション」の入札が選ばれました。担当業者から連絡があります。', 'property', 'c0000001-0001-4001-8001-000000000007', true, NOW() - INTERVAL '55 days'),
  -- 士業 田中さん宛: 紹介成立
  ('aa000001-0001-4001-8001-000000000006', '44444444-4444-4444-8444-000000000001', 'referral_success', 'system', '紹介案件が掲載されました', '紹介された物件「世田谷区成城 相続戸建て」が公開されました。', 'property', 'c0000001-0001-4001-8001-000000000001', false, NOW() - INTERVAL '5 days'),
  -- 業者 佐藤さん宛: 案件割当
  ('aa000001-0001-4001-8001-000000000007', '33333333-3333-4333-8333-000000000001', 'case_assigned', 'email', '新しい案件が割り当てられました', '「世田谷区成城 相続戸建て」の対応をお願いいたします。', 'property', 'c0000001-0001-4001-8001-000000000001', false, NOW() - INTERVAL '3 days'),
  -- 管理者宛: 新規審査待ち
  ('aa000001-0001-4001-8001-000000000008', '22222222-2222-4222-8222-000000000001', 'property_review_pending', 'system', '物件審査が必要です', '新規登録物件「千葉市中央区 1棟アパート」の審査をお願いします。', 'property', 'c0000001-0001-4001-8001-000000000004', false, NOW() - INTERVAL '1 day'),
  -- 売主 斎藤さん（品川区戸越）: 入札到着
  ('aa000001-0001-4001-8001-000000000009', '55555555-5555-4555-8555-000000000006', 'bid_received', 'system', '新しい入札が届きました', '「品川区戸越 閑静住宅地の戸建て」に 5,900万円 の入札がありました。', 'property', 'c0000001-0001-4001-8001-000000000011', false, NOW() - INTERVAL '10 hours'),
  -- 売主 木村さん（豊洲タワマン）: 入札到着
  ('aa000001-0001-4001-8001-000000000010', '55555555-5555-4555-8555-000000000008', 'bid_received', 'system', '新しい入札が届きました', '「江東区豊洲 湾岸タワーマンション」に 7,850万円 の入札がありました。', 'property', 'c0000001-0001-4001-8001-000000000012', false, NOW() - INTERVAL '18 hours'),
  -- 売主 木村さん（東雲タワマン）: 入札終了
  ('aa000001-0001-4001-8001-000000000011', '55555555-5555-4555-8555-000000000008', 'bid_ended', 'email', '入札期間が終了しました', '「江東区東雲 タワーマンション」の入札が終了しました。入札者を選択してください。', 'property', 'c0000001-0001-4001-8001-000000000021', true, NOW() - INTERVAL '5 days'),
  -- 売主 井上さん（御器所戸建て）: 入札選択完了
  ('aa000001-0001-4001-8001-000000000012', '55555555-5555-4555-8555-000000000014', 'bid_selection_confirmed', 'system', '入札選択が完了しました', '入札者の選択が承認されました。担当業者にて案件が進行します。', 'property', 'c0000001-0001-4001-8001-000000000022', true, NOW() - INTERVAL '1 day'),
  -- 買い手 岩田さん: 新物件のレコメンド
  ('aa000001-0001-4001-8001-000000000013', '66666666-6666-4666-8666-000000000008', 'property_recommended', 'system', '条件にマッチする物件が登録されました', '「品川区戸越 閑静住宅地の戸建て」が検索条件に一致しています。', 'property', 'c0000001-0001-4001-8001-000000000011', false, NOW() - INTERVAL '6 days'),
  -- 買い手 上野さん（東雲タワマン）: 落札
  ('aa000001-0001-4001-8001-000000000014', '66666666-6666-4666-8666-000000000020', 'bid_selected', 'email', 'あなたの入札が選ばれました', '「江東区東雲 タワーマンション」の入札が選ばれました。担当業者から連絡があります。', 'property', 'c0000001-0001-4001-8001-000000000021', false, NOW() - INTERVAL '3 days'),
  -- 買い手 三浦さん（豊洲タワマン）: 入札順位更新
  ('aa000001-0001-4001-8001-000000000015', '66666666-6666-4666-8666-000000000011', 'bid_outbid', 'system', '上回る入札が入りました', '「江東区豊洲 湾岸タワーマンション」に 7,850万円 の入札が入り、あなたの入札額を上回りました。', 'property', 'c0000001-0001-4001-8001-000000000012', false, NOW() - INTERVAL '4 hours'),
  -- 士業 佐々木さん宛: 紹介案件掲載
  ('aa000001-0001-4001-8001-000000000016', '44444444-4444-4444-8444-000000000005', 'referral_success', 'system', '紹介案件が掲載されました', '紹介された物件「品川区戸越 閑静住宅地の戸建て」が公開されました。', 'property', 'c0000001-0001-4001-8001-000000000011', false, NOW() - INTERVAL '7 days'),
  -- 士業 菊池さん宛: 成約連絡（報酬発生）
  ('aa000001-0001-4001-8001-000000000017', '44444444-4444-4444-8444-000000000010', 'referral_closed', 'email', '紹介案件が成約しました', '紹介物件「福岡市中央区 薬院戸建て」が成約しました。報酬は翌月末にお支払いします。', 'property', 'c0000001-0001-4001-8001-000000000024', true, NOW() - INTERVAL '45 days'),
  -- 業者 佐藤さん宛: 東雲案件の業者割当
  ('aa000001-0001-4001-8001-000000000018', '33333333-3333-4333-8333-000000000001', 'case_assigned', 'email', '新しい案件が割り当てられました', '「江東区東雲 タワーマンション」の対応をお願いいたします。', 'property', 'c0000001-0001-4001-8001-000000000021', false, NOW() - INTERVAL '3 days'),
  -- 業者 杉山さん宛: 御器所案件ステータス更新依頼
  ('aa000001-0001-4001-8001-000000000019', '33333333-3333-4333-8333-000000000008', 'case_status_reminder', 'email', '案件のステータス更新が必要です', '「名古屋市昭和区 御器所の戸建て」の進捗ステータスを更新してください。', 'property', 'c0000001-0001-4001-8001-000000000022', false, NOW() - INTERVAL '12 hours'),
  -- 管理者 林さん宛: 差戻し対応依頼
  ('aa000001-0001-4001-8001-000000000020', '22222222-2222-4222-8222-000000000002', 'property_returned', 'system', '差戻し対応が必要です', '物件「福岡市早良区 百道浜近辺戸建て」が差戻し状態です。売主からの再提出をお待ちください。', 'property', 'c0000001-0001-4001-8001-000000000020', false, NOW() - INTERVAL '4 days'),
  -- 管理者 大村さん宛: 登記中物件の期限注意
  ('aa000001-0001-4001-8001-000000000021', '22222222-2222-4222-8222-000000000001', 'registration_deadline_warning', 'email', '登記中物件が期限に近づいています', '「川越市新富町 駅近商業地」は登記中ステータスから3週間経過。残り5週間で自動差戻しとなります。', 'property', 'c0000001-0001-4001-8001-000000000015', false, NOW() - INTERVAL '2 days'),
  -- 売主 中村さん（辻堂マンション）: 決済完了通知
  ('aa000001-0001-4001-8001-000000000022', '55555555-5555-4555-8555-000000000007', 'settlement_completed', 'email', '決済が完了しました', '「藤沢市辻堂 海が見えるマンション」の決済が完了しました。お疲れ様でした。', 'property', 'c0000001-0001-4001-8001-000000000023', true, NOW() - INTERVAL '35 days'),
  -- 買い手 坂本さん: 公開中物件のお気に入り更新
  ('aa000001-0001-4001-8001-000000000023', '66666666-6666-4666-8666-000000000010', 'favorite_price_drop', 'system', 'お気に入り物件の価格が変更されました', '「品川区西五反田 駅近マンション」の希望価格が更新されました。', 'property', 'c0000001-0001-4001-8001-000000000027', false, NOW() - INTERVAL '20 hours'),
  -- 士業 中島さん宛: 新規紹介リンク生成
  ('aa000001-0001-4001-8001-000000000024', '44444444-4444-4444-8444-000000000011', 'referral_link_created', 'system', '紹介リンクが発行されました', '新しい紹介コードが発行されました。紹介リンクをご確認ください。', NULL, NULL, true, NOW() - INTERVAL '8 days')
ON CONFLICT (id) DO NOTHING;

-- =====================================================================
-- 9. ブログ記事（公開済み）
-- =====================================================================
INSERT INTO blog_posts (id, slug, title, excerpt, body, category, author_name, author_role, reading_minutes, is_published, published_at) VALUES
  ('bb000001-0001-4001-8001-000000000001', 'souzoku-fudosan-uriyoi-timing',
    '相続不動産を売却するベストタイミングは？税金と市況の両面から解説',
    '相続不動産の売却は「相続税の申告期限」と「取得費加算の特例」の2つを押さえると税負担が変わります。',
    E'相続した不動産を売却する際、いつ売るかは手取り額に大きく影響します。\n\n## 1. 取得費加算の特例\n相続税の申告期限（被相続人の死亡から10ヶ月）の翌日から3年10ヶ月以内に売却すると、相続税の一部を取得費に加算でき譲渡所得税が軽減されます。\n\n## 2. 空き家の3,000万円特別控除\n被相続人が一人で住んでいた家屋を2027年末までに売却すると、最大3,000万円の特別控除を適用できます。\n\n## 3. 市況\n金利と不動産価格の動きも重要です。2026年現在、日銀の金融政策見直しを受けて長期金利が上昇基調にあり、買い手の購買力にも影響が出始めています。',
    'souzoku', '田中 雅彦', '税理士', 7, true, NOW() - INTERVAL '10 days'),

  ('bb000001-0001-4001-8001-000000000002', 'isan-bunkatsu-kyogi-flow',
    '遺産分割協議書の作り方と押さえるべき5つのポイント',
    '相続人全員の合意を文書化する遺産分割協議書。不備があると登記も売却も進みません。実務フローを司法書士が解説。',
    E'遺産分割協議書は相続手続きの要です。\n\n## 必ず記載すべき項目\n- 被相続人の氏名・死亡日\n- 相続人全員の氏名・住所\n- 分割対象となる財産の詳細\n- 各相続人の取得分\n- 協議日\n\n## よくある不備\n1. 不動産の表記が登記簿と一致しない\n2. 相続人の一部が署名捺印していない\n3. 実印でなく認印が使われている\n\n## 作成後の流れ\n印鑑証明書・戸籍一式とセットで法務局に提出し、相続登記を完了させます。',
    'tetsuzuki', '鈴木 明子', '司法書士', 5, true, NOW() - INTERVAL '25 days'),

  ('bb000001-0001-4001-8001-000000000003', 'nyusatsu-vs-chukai',
    '入札方式と従来の仲介、相続不動産にはどちらが向くのか',
    '相場感のわからない相続不動産で、入札方式が注目されています。従来の仲介と比較したメリット・デメリット。',
    E'相続不動産は取得した本人が住んでいなかったため、相場感がつかみにくいのが実情です。\n\n## 入札方式のメリット\n- 短期間で複数の買い手から提示\n- 相場より高く売れる可能性\n- 比較検討がしやすい\n\n## 従来仲介のメリット\n- 価格交渉の余地\n- 買い手を見極める時間がある\n\n## どちらを選ぶか\n早期売却が必須（相続税の納税資金など）なら入札方式、時間に余裕があれば仲介も選択肢です。',
    'nyusatsu', '大村 誠一', 'Ouver代表', 4, true, NOW() - INTERVAL '3 days'),

  ('bb000001-0001-4001-8001-000000000004', 'kuya-3000man-tokubetsu-kojo',
    '空き家の3,000万円特別控除、適用できる条件を完全整理',
    '空き家特例は2027年末まで延長。ただし昭和56年以前の建物など適用条件が細かい。',
    E'被相続人が一人で住んでいた家屋の売却には最大3,000万円の特別控除があります。\n\n## 適用条件\n- 昭和56年5月31日以前に建築\n- 相続開始時に被相続人以外が居住していない\n- 売却代金が1億円以下\n- 譲渡時に耐震基準に適合 または 家屋を取り壊し\n\n## よくある誤解\n「相続してから3年以内」とよく聞きますが正確には「相続開始日から3年を経過する日の属する年の12月31日まで」です。',
    'zeisei', '田中 雅彦', '税理士', 6, true, NOW() - INTERVAL '40 days'),

  ('bb000001-0001-4001-8001-000000000005', 'souzoku-toki-hitsuyo-shorui',
    '相続登記に必要な書類一覧と取得方法',
    '2024年4月から義務化された相続登記。必要書類と取得先を司法書士が実務目線で解説。',
    E'2024年4月から相続登記は義務化されました。正当な理由なく怠ると10万円以下の過料。\n\n## 必要書類\n1. 被相続人の出生から死亡までの戸籍一式\n2. 相続人全員の戸籍\n3. 被相続人の住民票の除票\n4. 相続人全員の住民票\n5. 遺産分割協議書（法定相続でない場合）\n6. 相続人全員の印鑑証明書\n7. 固定資産評価証明書\n\n## 取得先と時間\n戸籍は本籍地の市区町村役場。郵送請求可。時間は2-4週間かかるのが一般的。',
    'tetsuzuki', '鈴木 明子', '司法書士', 6, true, NOW() - INTERVAL '15 days'),

  ('bb000001-0001-4001-8001-000000000006', 'akiya-problem',
    '空き家を放置するリスクと売却判断のフレームワーク',
    '固定資産税6倍、倒壊リスク、近隣トラブル。空き家を放置するリスクと売却判断のポイント。',
    E'相続した実家を放置していると、さまざまなリスクが生じます。\n\n## 1. 固定資産税の増加\n「特定空家」に指定されると、住宅用地特例が除外され固定資産税が最大6倍に。\n\n## 2. 倒壊・火災リスク\n老朽化した建物は倒壊・放火のリスクが高まり、近隣への損害賠償責任も発生しかねません。\n\n## 3. 売却判断の4軸\n- 家族の思い入れ\n- 維持コスト（固定資産税・修繕）\n- 市況\n- 相続税納税資金の必要性\n\nこの4軸を数値化して比較すると、売却判断がぶれにくくなります。',
    'akiya', '大村 誠一', 'Ouver代表', 5, true, NOW() - INTERVAL '60 days'),

  ('bb000001-0001-4001-8001-000000000007', 'iho-keiyaku-kizai',
    '遺言書がある場合の相続不動産売却フローと注意点',
    '遺言書ありの場合は遺産分割協議不要。ただし遺言の有効性確認と特定財産承継遺言の違いに注意。',
    E'遺言書がある場合、相続手続きの流れは大きく変わります。\n\n## 自筆証書遺言 vs 公正証書遺言\n自筆証書遺言は家庭裁判所の検認が必要。公正証書は不要。\n\n## 特定財産承継遺言\n「〇〇不動産を長男に相続させる」という形式。登記は単独申請可。\n\n## 遺留分侵害額請求への備え\n他の相続人の遺留分を侵害する内容の場合、後日請求を受ける可能性があるため弁護士への相談を推奨。',
    'tetsuzuki', '伊藤 浩二', '弁護士', 7, true, NOW() - INTERVAL '55 days'),

  ('bb000001-0001-4001-8001-000000000008', 'fudosan-satei-methods',
    '不動産査定の方法 — 取引事例比較法と収益還元法',
    '査定方法の違いで数百万円差がつくことも。売主が最低限知っておくべき査定の仕組み。',
    E'不動産査定にはいくつかの方法があります。\n\n## 1. 取引事例比較法\n近隣の成約事例から類推。戸建てやマンションの一般的な査定手法。\n\n## 2. 収益還元法\n賃料収入から逆算。投資用不動産の査定で使われる。\n\n## 3. 原価法\n再調達原価から計算。築古戸建ての解体前提査定で使われる。\n\n## 相続不動産では\n相場感がわからないため、入札方式で市場価格を形成する選択肢も有効です。',
    'nyusatsu', '中島 直美', '税理士', 6, true, NOW() - INTERVAL '20 days'),

  ('bb000001-0001-4001-8001-000000000009', 'nyusatsu-kakaku-keisei',
    '入札方式で実際にいくらで売れるのか — 過去事例と市場価格形成',
    'Ouver実績: 相場より平均12%高で成約。地域・物件タイプ別の入札数分布も公開。',
    E'Ouverの過去12ヶ月の実績データをまとめました。\n\n## 平均落札率\n査定価格の平均 +12% で落札。特に築浅マンションは +18% 傾向。\n\n## 入札数の分布\n- 平均4.2件/物件\n- 都心部は平均6件超\n- 郊外戸建ては平均2-3件\n\n## 不成立ケースの特徴\n建物古い・調整区域・アクセス難の3要素が重なると不成立リスク上昇。',
    'nyusatsu', '大村 誠一', 'Ouver代表', 5, true, NOW() - INTERVAL '8 days'),

  ('bb000001-0001-4001-8001-000000000010', 'kojinin-jigyosha-fudosan',
    '相続した事業用不動産（店舗・アパート）の売却のポイント',
    '賃貸中の物件は「借家人対応」と「オーナーチェンジ」の選択が重要。収益還元評価の見方。',
    E'相続不動産のうち、賃貸中のアパートや店舗の売却には固有の論点があります。\n\n## オーナーチェンジ売却\n現状の賃貸契約ごと買主に承継。収益物件として投資家向けに販売。\n\n## 立ち退き交渉\n空室にしてから売却する場合、借家人との立ち退き交渉が必要。立退料の相場は賃料6-12ヶ月分。\n\n## 収益還元評価\n年間賃料 ÷ 表面利回り = 想定価格。エリア・築年数により利回り相場が変わります。',
    'other', '森本 隆弘', '税理士', 6, true, NOW() - INTERVAL '35 days'),

  ('bb000001-0001-4001-8001-000000000011', 'gyosei-kyoyu-meigi',
    '共有名義の不動産を売却するには — 全員合意の取り方',
    '共有持分のうち一人でも反対すると売却不可。持分買取・分割請求など実務的な解決策を解説。',
    E'共有名義の不動産は相続でよく発生します。\n\n## 原則\n共有者全員の合意がないと売却できません。\n\n## 合意が取れない場合の選択肢\n1. 他の共有者の持分買取\n2. 自分の持分のみを第三者に売却（価格は大きく下がる）\n3. 共有物分割請求訴訟\n\n## Ouverでの対応\n共有者全員の同意書を必須書類として登録時に確認します。未同意者がいる場合は掲載できません。',
    'tetsuzuki', '菊池 博文', '行政書士', 5, true, NOW() - INTERVAL '48 days'),

  ('bb000001-0001-4001-8001-000000000012', 'souzokuzei-noufu-genshi',
    '相続税の納税資金を不動産売却で確保する実務',
    '申告期限10ヶ月以内に現金化が必要。物納との比較、延納との比較を税理士が解説。',
    E'相続税は申告期限（死亡から10ヶ月）以内に金銭一括納付が原則。\n\n## 納税資金調達の選択肢\n1. 不動産売却で現金化\n2. 物納（国への不動産納付）\n3. 延納（最大20年）\n\n## 売却を選ぶ理由\n物納は手続き煩雑で時価より低評価。延納は利子税が発生。売却が最もシンプルで手取りが大きいケースが多い。\n\n## タイトなスケジュール\n申告期限まで10ヶ月。不動産売却は通常3-6ヶ月かかるため、入札方式の短期決着メリットが活きます。',
    'zeisei', '佐々木 篤史', '税理士', 7, true, NOW() - INTERVAL '5 days')
ON CONFLICT (id) DO NOTHING;

-- =====================================================================
-- 10. ヘルプ記事
-- =====================================================================
INSERT INTO help_articles (id, slug, title, category, body, is_published, sort_order) VALUES
  ('cc000001-0001-4001-8001-000000000001', 'how-to-register-property', '物件を登録するには', 'seller',
    E'物件登録は以下の手順で進みます。\n\n1. ダッシュボードから「物件を登録」をクリック\n2. 物件情報を入力（所在地・広さ・希望価格）\n3. 必要書類をアップロード（登記簿・遺産分割協議書・本人確認書類）\n4. 登録を完了すると24-48時間以内に審査結果が届きます\n\n書類に不備があった場合は差戻しとなりますので、メールをご確認ください。',
    true, 1),
  ('cc000001-0001-4001-8001-000000000002', 'bid-period-length', '入札期間は何日間ですか', 'seller',
    E'入札期間は基本14日間です。状況に応じて最大3回まで延長できます（1回あたり7日間）。\n\n延長される主なケース:\n- 入札件数が2件未満\n- 追加書類の確認中\n- 売主の指定がある場合',
    true, 2),
  ('cc000001-0001-4001-8001-000000000003', 'how-to-place-bid', '入札の方法', 'buyer',
    E'物件詳細ページから「入札する」をクリックし、入札金額とコメントを入力して送信してください。\n\n注意事項:\n- 入札後の取り消しは原則不可\n- 最高額が常に選ばれるとは限りません（売主が信用性を重視する場合あり）\n- 落札後は担当業者から48時間以内に連絡が入ります',
    true, 3),
  ('cc000001-0001-4001-8001-000000000004', 'referral-reward', '紹介報酬の仕組み', 'professional',
    E'紹介した案件が成約すると、仲介手数料の15%が報酬として支払われます。\n\nNW所属の場合は別途NW会社に3%が配分されます。\n\n支払いサイクル: 決済完了月の翌月末払い\n明細は管理画面の「収益」から確認できます。',
    true, 1),
  ('cc000001-0001-4001-8001-000000000005', 'broker-commission-tier', '業者の段階的手数料率', 'broker',
    E'担当案件数に応じて仲介手数料の配分率が変動します。\n\n- 最初の5件: 60%\n- 6-20件: 55%\n- 21件以降: 50%\n\nこれは成約件数に対して適用され、中止案件はカウントされません。',
    true, 1),
  ('cc000001-0001-4001-8001-000000000006', 'how-to-select-bid', '入札者の選び方', 'seller',
    E'入札終了後、売主は入札者の一覧から承認する相手を選択できます。\n\n## 選択基準\n- 最高額\n- 決済スピード\n- 融資確実性（現金か・事前審査通過か）\n- 信用度（個人か・事業者か）\n\n## 選択後\n運営が内容を確認し、承認または差戻しします。承認後、担当業者から連絡が入ります。',
    true, 3),
  ('cc000001-0001-4001-8001-000000000007', 'document-review-timing', '書類審査にかかる時間', 'seller',
    E'登録された書類は通常24-48時間以内に審査が完了します。\n\n不備があった場合は差戻しとなりメールで通知しますので、再提出をお願いします。\n\n書類に関する相談は、紹介された士業または運営事務局までお問い合わせください。',
    true, 4),
  ('cc000001-0001-4001-8001-000000000008', 'insutant-price-mechanism', '即決価格の仕組み', 'buyer',
    E'物件ページに即決価格が設定されている場合、その金額で即決購入可能です。\n\n## ルール\n- 即決価格での入札は最優先で選ばれます（入札期間終了を待たずに落札）\n- 一度他入札者が即決価格で入札すると入札受付は終了します\n- 即決価格は売主が任意で設定（設定なしも可）',
    true, 4),
  ('cc000001-0001-4001-8001-000000000009', 'broker-contact-timing', '落札後の業者連絡タイミング', 'buyer',
    E'入札者として選ばれてから48時間以内に担当業者から連絡が入ります。\n\n連絡がない場合は運営事務局までご連絡ください。\n\n業者からの連絡はシステム経由のメッセージで行われます。直接の電話・メールは原則ありません。',
    true, 5),
  ('cc000001-0001-4001-8001-000000000010', 'referral-link-how-to', '紹介リンクの使い方', 'professional',
    E'紹介リンクは士業プロフィール画面から取得できます。\n\n## 使い方\n1. ダッシュボードの「紹介リンク」を開く\n2. 共有URLをコピー\n3. クライアント（売主候補）に送付\n4. クライアントがリンクから登録すると自動で紐付け\n\n登録後、成約するまで紐付けは維持されます。',
    true, 2),
  ('cc000001-0001-4001-8001-000000000011', 'referral-payment-schedule', '紹介報酬の支払いスケジュール', 'professional',
    E'紹介報酬は決済完了月の翌月末払いです。\n\n## 明細の確認\nダッシュボードの「収益」タブから月次明細を確認できます。\n\n## インボイス対応\n請求書・支払通知書は自動生成され、登録済みの適格請求書発行事業者番号が印字されます。\n\n## 振込先変更\n登録情報の「銀行口座」から変更できます。反映は翌月からです。',
    true, 3),
  ('cc000001-0001-4001-8001-000000000012', 'case-status-update-how', '案件ステータスの更新方法', 'broker',
    E'ダッシュボードの「担当案件」から、各案件の詳細ページに進んでステータス更新が可能です。\n\n## 更新必須のステータス\n- 売主連絡済み\n- 買い手連絡済み\n- 重説完了（重要事項説明書のアップロード必須）\n- 契約締結（売買契約書のアップロード必須）\n- 決済完了（決済完了証明書類のアップロード必須）\n\n更新漏れがあると運営からリマインドが送られます。',
    true, 2),
  ('cc000001-0001-4001-8001-000000000013', 'broker-ippo-buyer-case', '買い手が自社の仲介業者を連れてきた場合', 'broker',
    E'買い手が自分の仲介業者を連れてきた場合（片手仲介）は、手数料配分が変更されます。\n\n## 通常（両手仲介）\n業者: 50% / Ouver: 32-35% / 士業: 15% / NW: 3%\n\n## 片手仲介の補正\n業者の取り分を 60% に引き上げ\n\n申請はダッシュボードから行ってください。運営が確認後、配分が更新されます。',
    true, 3),
  ('cc000001-0001-4001-8001-000000000014', 'withdrawal-conditions', '物件の取り下げ条件', 'seller',
    E'物件の掲載を取り下げることは原則可能です。\n\n## ただし\n- 入札受付中は取り下げ不可（入札中止の場合は入札者全員への通知が必要）\n- 承認待ちも取り下げ不可（契約締結準備中のため）\n- 差戻し・審査待ちは取り下げ可能\n\n取り下げ希望の場合はダッシュボードの「取り下げ申請」からお願いします。',
    true, 5),
  ('cc000001-0001-4001-8001-000000000015', 'inspection-request', '内見・現地見学のルール', 'buyer',
    E'物件の内見・現地見学は、担当業者に問い合わせフォームから申請してください。\n\n## 対応時間\n平日9:00-18:00、週末応相談。\n\n## 空室物件の場合\n業者が現地同行。平均48時間以内に候補日時を提示。\n\n## 居住中物件の場合\n売主都合が優先されるため日程調整に時間を要することがあります。',
    true, 6)
ON CONFLICT (id) DO NOTHING;

-- =====================================================================
-- 11. 業者評価（サンプル）
-- =====================================================================
INSERT INTO broker_evaluations (id, broker_id, evaluator_id, property_id, speed_rating, clarity_rating, politeness_rating, overall_rating, comment, created_at) VALUES
  ('dd000001-0001-4001-8001-000000000001',
    'bbbbbbbb-bbbb-4bbb-8bbb-000000000002',
    '55555555-5555-4555-8555-000000000002',
    'c0000001-0001-4001-8001-000000000007',
    5, 5, 5, 5, '初めての相続不動産売却で不安でしたが、高橋さんが丁寧に対応してくださり安心して任せられました。',
    NOW() - INTERVAL '15 days'),
  ('dd000001-0001-4001-8001-000000000002',
    'bbbbbbbb-bbbb-4bbb-8bbb-000000000002',
    '66666666-6666-4666-8666-000000000001',
    'c0000001-0001-4001-8001-000000000007',
    4, 5, 5, 5, '書類のやり取りがスムーズで、疑問点もすぐに回答いただけました。',
    NOW() - INTERVAL '14 days'),
  -- 辻堂マンション（㉓）: 売主・買い手それぞれから
  ('dd000001-0001-4001-8001-000000000003',
    'bbbbbbbb-bbbb-4bbb-8bbb-000000000002',
    '55555555-5555-4555-8555-000000000007',
    'c0000001-0001-4001-8001-000000000023',
    5, 4, 5, 5, '遠方から相続した物件のため心配でしたが、窓口の一元化が助かりました。',
    NOW() - INTERVAL '30 days'),
  ('dd000001-0001-4001-8001-000000000004',
    'bbbbbbbb-bbbb-4bbb-8bbb-000000000002',
    '66666666-6666-4666-8666-000000000009',
    'c0000001-0001-4001-8001-000000000023',
    5, 5, 4, 5, '住宅ローンの手続きまで丁寧にサポートしてくださいました。',
    NOW() - INTERVAL '28 days'),
  -- 薬院戸建て（㉔）: 売主から
  ('dd000001-0001-4001-8001-000000000005',
    'bbbbbbbb-bbbb-4bbb-8bbb-000000000009',
    '55555555-5555-4555-8555-000000000015',
    'c0000001-0001-4001-8001-000000000024',
    4, 5, 5, 5, '司法書士の菊池先生と業者の古田さんが連携良く進めてくれました。',
    NOW() - INTERVAL '40 days'),
  -- 新百合ヶ丘物件（⑦）: 追加評価（別買い手視点）
  ('dd000001-0001-4001-8001-000000000006',
    'bbbbbbbb-bbbb-4bbb-8bbb-000000000002',
    '55555555-5555-4555-8555-000000000002',
    'c0000001-0001-4001-8001-000000000007',
    5, 5, 5, 5, '成約後のアフターフォローも丁寧でした。',
    NOW() - INTERVAL '10 days')
ON CONFLICT (id) DO NOTHING;

COMMIT;

-- =====================================================================
-- 確認クエリ（任意で実行）
-- =====================================================================
-- SELECT role, COUNT(*) FROM users GROUP BY role;
-- SELECT status, COUNT(*) FROM properties GROUP BY status;
-- SELECT status, COUNT(*) FROM bids GROUP BY status;
-- SELECT status, COUNT(*) FROM cases GROUP BY status;
