-- =====================================================================
-- Ouver 相続不動産マッチング — デモ用シードデータ
-- ステークホルダー向けデモ（Dev環境想定）
--
-- 使い方: Supabase SQL Editor にこのファイルの内容を貼って実行する。
-- 再実行しても重複しないよう、固定UUID + ON CONFLICT DO NOTHING で構成。
--
-- 構成:
--   1. NW会社 / 業者 / 士業 / 管理者 / 売主 / 買い手
--   2. 物件（各ステータス網羅）
--   3. 入札 / 案件 / 通知 / ブログ・ヘルプ記事
-- =====================================================================

BEGIN;

-- =====================================================================
-- 1. NW会社（士業ネットワーク）
-- =====================================================================
INSERT INTO nw_companies (id, name, contact_email, contact_phone, bank_name, bank_branch, bank_account_type, bank_account_number, invoice_number, is_active) VALUES
  ('11111111-1111-4111-8111-000000000001', '首都圏相続支援ネットワーク', 'contact@shutoken-souzoku.example.jp', '03-5800-1001', 'みずほ銀行', '東京営業部', '普通', '1234567', 'T1234567890123', true),
  ('11111111-1111-4111-8111-000000000002', '関西士業連携協議会', 'info@kansai-shigyo.example.jp', '06-6200-2002', '三井住友銀行', '大阪本店営業部', '普通', '2345678', 'T2345678901234', true)
ON CONFLICT (id) DO NOTHING;

-- =====================================================================
-- 2. ユーザー（admin / broker / professional / seller / buyer）
-- =====================================================================
-- 管理者
INSERT INTO users (id, role, email, name, phone, address) VALUES
  ('22222222-2222-4222-8222-000000000001', 'admin', 'admin@ouver.example.jp', '大村 誠一', '03-6400-0001', '東京都港区虎ノ門1-1-1')
ON CONFLICT (id) DO NOTHING;

-- 業者（buyer ロールで作成して brokers テーブルに紐付け）
INSERT INTO users (id, role, email, name, phone, address) VALUES
  ('33333333-3333-4333-8333-000000000001', 'broker', 'sato@tokyo-estate.example.jp', '佐藤 健二', '03-3200-1111', '東京都新宿区西新宿2-8-1'),
  ('33333333-3333-4333-8333-000000000002', 'broker', 'takahashi@yokohama-reality.example.jp', '高橋 由美', '045-321-2222', '神奈川県横浜市西区みなとみらい3-3-1'),
  ('33333333-3333-4333-8333-000000000003', 'broker', 'yamamoto@kansai-realestate.example.jp', '山本 直樹', '06-6300-3333', '大阪府大阪市北区梅田1-1-3')
ON CONFLICT (id) DO NOTHING;

-- 士業
INSERT INTO users (id, role, email, name, phone, address) VALUES
  ('44444444-4444-4444-8444-000000000001', 'professional', 'tanaka@tanaka-tax.example.jp', '田中 雅彦', '03-5200-4001', '東京都中央区日本橋2-1-1'),
  ('44444444-4444-4444-8444-000000000002', 'professional', 'suzuki@suzuki-shoshi.example.jp', '鈴木 明子', '03-3800-4002', '東京都千代田区神田3-5-2'),
  ('44444444-4444-4444-8444-000000000003', 'professional', 'ito@ito-law.example.jp', '伊藤 浩二', '03-3500-4003', '東京都渋谷区渋谷1-12-1'),
  ('44444444-4444-4444-8444-000000000004', 'professional', 'watanabe@watanabe-gyosei.example.jp', '渡辺 千夏', '06-6400-4004', '大阪府大阪市中央区本町4-2-5')
ON CONFLICT (id) DO NOTHING;

-- 売主
INSERT INTO users (id, role, email, name, phone, address) VALUES
  ('55555555-5555-4555-8555-000000000001', 'seller', 'kobayashi@example.com', '小林 美智子', '090-1234-5678', '東京都世田谷区成城3-10-5'),
  ('55555555-5555-4555-8555-000000000002', 'seller', 'nakamura@example.com', '中村 隆', '080-2345-6789', '神奈川県川崎市麻生区万福寺1-2-3'),
  ('55555555-5555-4555-8555-000000000003', 'seller', 'yoshida@example.com', '吉田 敏郎', '090-3456-7890', '埼玉県さいたま市浦和区北浦和4-5-6'),
  ('55555555-5555-4555-8555-000000000004', 'seller', 'hashimoto@example.com', '橋本 知子', '080-4567-8901', '千葉県千葉市中央区新田町8-9'),
  ('55555555-5555-4555-8555-000000000005', 'seller', 'okada@example.com', '岡田 秀樹', '090-5678-9012', '大阪府豊中市蛍池西町2-6-1')
ON CONFLICT (id) DO NOTHING;

-- 買い手
INSERT INTO users (id, role, email, name, phone, address) VALUES
  ('66666666-6666-4666-8666-000000000001', 'buyer', 'morita@example.com', '森田 翔太', '090-1111-2222', '東京都目黒区自由が丘1-2-3'),
  ('66666666-6666-4666-8666-000000000002', 'buyer', 'tsuchida@chuoinvest.example.jp', '土田 和也', '03-6800-2222', '東京都中央区銀座6-10-1'),
  ('66666666-6666-4666-8666-000000000003', 'buyer', 'fujimoto@example.com', '藤本 直美', '080-3333-4444', '東京都練馬区石神井台3-4-5'),
  ('66666666-6666-4666-8666-000000000004', 'buyer', 'nishimura@nishimura-realty.example.jp', '西村 健一', '045-400-5555', '神奈川県横浜市中区本町1-3'),
  ('66666666-6666-4666-8666-000000000005', 'buyer', 'ogawa@example.com', '小川 俊介', '090-5555-6666', '東京都杉並区荻窪5-15-8'),
  ('66666666-6666-4666-8666-000000000006', 'buyer', 'hattori@kanto-invest.example.jp', '服部 陽子', '03-3900-6666', '東京都豊島区池袋2-1-1'),
  ('66666666-6666-4666-8666-000000000007', 'buyer', 'maeda@example.com', '前田 雄大', '080-7777-8888', '大阪府大阪市西区新町1-4-5')
ON CONFLICT (id) DO NOTHING;

-- =====================================================================
-- 3. プロファイル
-- =====================================================================
-- 売主プロファイル
INSERT INTO seller_profiles (id, user_id, referral_code) VALUES
  ('77777777-7777-4777-8777-000000000001', '55555555-5555-4555-8555-000000000001', 'REF-TANAKA-001'),
  ('77777777-7777-4777-8777-000000000002', '55555555-5555-4555-8555-000000000002', 'REF-SUZUKI-002'),
  ('77777777-7777-4777-8777-000000000003', '55555555-5555-4555-8555-000000000003', 'REF-ITO-003'),
  ('77777777-7777-4777-8777-000000000004', '55555555-5555-4555-8555-000000000004', NULL),
  ('77777777-7777-4777-8777-000000000005', '55555555-5555-4555-8555-000000000005', 'REF-WATANABE-004')
ON CONFLICT (id) DO NOTHING;

-- 買い手プロファイル
INSERT INTO buyer_profiles (id, user_id, buyer_type, company_name, preferred_areas, preferred_price_min, preferred_price_max, preferred_property_types) VALUES
  ('88888888-8888-4888-8888-000000000001', '66666666-6666-4666-8666-000000000001', 'individual', NULL, '東京都,神奈川県', '30000000', '60000000', 'house,apartment'),
  ('88888888-8888-4888-8888-000000000002', '66666666-6666-4666-8666-000000000002', 'investor', '中央インベストメント株式会社', '東京都,千葉県,埼玉県', '50000000', '200000000', 'land,apartment'),
  ('88888888-8888-4888-8888-000000000003', '66666666-6666-4666-8666-000000000003', 'individual', NULL, '東京都', '40000000', '80000000', 'house'),
  ('88888888-8888-4888-8888-000000000004', '66666666-6666-4666-8666-000000000004', 'real_estate_company', '西村不動産株式会社', '神奈川県,東京都', '20000000', '150000000', 'house,land,apartment'),
  ('88888888-8888-4888-8888-000000000005', '66666666-6666-4666-8666-000000000005', 'individual', NULL, '東京都', '30000000', '50000000', 'apartment'),
  ('88888888-8888-4888-8888-000000000006', '66666666-6666-4666-8666-000000000006', 'other_company', '関東エステートホールディングス', '東京都,埼玉県,千葉県', '60000000', '300000000', 'land,apartment'),
  ('88888888-8888-4888-8888-000000000007', '66666666-6666-4666-8666-000000000007', 'individual', NULL, '大阪府,兵庫県', '20000000', '45000000', 'house')
ON CONFLICT (id) DO NOTHING;

-- =====================================================================
-- 4. 士業 / 業者
-- =====================================================================
-- 士業（田中税理士=税理士, 鈴木=司法書士, 伊藤=弁護士, 渡辺=行政書士）
INSERT INTO professionals (id, user_id, qualification_type, registration_number, verification_status, employment_type, office_name, office_address, office_phone, referral_code, payment_recipient, payment_recipient_name, bank_name, bank_branch, bank_account_type, bank_account_number, invoice_number) VALUES
  ('99999999-9999-4999-8999-000000000001', '44444444-4444-4444-8444-000000000001', 'tax_accountant', '110256', 'manually_verified', 'representative', '田中税理士事務所', '東京都中央区日本橋2-1-1 日本橋ビル5F', '03-5200-4001', 'PRO-TANAKA-TAX', 'office', '田中税理士事務所', 'みずほ銀行', '日本橋支店', '普通', '1001234', 'T3001234567890'),
  ('99999999-9999-4999-8999-000000000002', '44444444-4444-4444-8444-000000000002', 'judicial_scrivener', '東京-4523', 'manually_verified', 'sole_proprietor', '鈴木司法書士事務所', '東京都千代田区神田3-5-2 神田MKビル3F', '03-3800-4002', 'PRO-SUZUKI-SHO', 'self', '鈴木 明子', '三菱UFJ銀行', '神田支店', '普通', '2002345', 'T3002345678901'),
  ('99999999-9999-4999-8999-000000000003', '44444444-4444-4444-8444-000000000003', 'lawyer', '32456', 'manually_verified', 'representative', '伊藤総合法律事務所', '東京都渋谷区渋谷1-12-1 渋谷スクエア7F', '03-3500-4003', 'PRO-ITO-LAW', 'office', '伊藤総合法律事務所', '三井住友銀行', '渋谷支店', '普通', '3003456', 'T3003456789012'),
  ('99999999-9999-4999-8999-000000000004', '44444444-4444-4444-8444-000000000004', 'administrative_scrivener', '大阪-20134', 'auto_verified', 'sole_proprietor', '渡辺行政書士事務所', '大阪府大阪市中央区本町4-2-5 本町センタービル4F', '06-6400-4004', 'PRO-WATANABE-GYO', 'self', '渡辺 千夏', 'りそな銀行', '本町支店', '普通', '4004567', 'T3004567890123')
ON CONFLICT (id) DO NOTHING;

-- 士業NW所属（田中税理士・伊藤弁護士は首都圏NW所属、渡辺は関西NW）
INSERT INTO professional_nw_affiliations (id, professional_id, nw_company_id, joined_at) VALUES
  ('aaaaaaaa-aaaa-4aaa-8aaa-000000000001', '99999999-9999-4999-8999-000000000001', '11111111-1111-4111-8111-000000000001', '2025-06-01 00:00:00+09'),
  ('aaaaaaaa-aaaa-4aaa-8aaa-000000000002', '99999999-9999-4999-8999-000000000003', '11111111-1111-4111-8111-000000000001', '2025-07-15 00:00:00+09'),
  ('aaaaaaaa-aaaa-4aaa-8aaa-000000000003', '99999999-9999-4999-8999-000000000004', '11111111-1111-4111-8111-000000000002', '2025-09-01 00:00:00+09')
ON CONFLICT (id) DO NOTHING;

-- 業者
INSERT INTO brokers (id, user_id, company_name, representative_name, address, license_number, contact_person_name, bank_name, bank_branch, bank_account_type, bank_account_number, invoice_number, total_deals) VALUES
  ('bbbbbbbb-bbbb-4bbb-8bbb-000000000001', '33333333-3333-4333-8333-000000000001', '東京エステート株式会社', '佐藤 健二', '東京都新宿区西新宿2-8-1 新宿野村ビル12F', '東京都知事(3)第98765号', '佐藤 健二', '三菱UFJ銀行', '新宿支店', '普通', '5001111', 'T4001111223344', 18),
  ('bbbbbbbb-bbbb-4bbb-8bbb-000000000002', '33333333-3333-4333-8333-000000000002', '横浜リアリティー株式会社', '高橋 由美', '神奈川県横浜市西区みなとみらい3-3-1 クイーンズタワー10F', '神奈川県知事(5)第12345号', '高橋 由美', '横浜銀行', 'みなとみらい支店', '普通', '5002222', 'T4002222334455', 34),
  ('bbbbbbbb-bbbb-4bbb-8bbb-000000000003', '33333333-3333-4333-8333-000000000003', '関西不動産株式会社', '山本 直樹', '大阪府大阪市北区梅田1-1-3 大阪駅前第3ビル15F', '大阪府知事(4)第34567号', '山本 直樹', '三井住友銀行', '梅田支店', '普通', '5003333', 'T4003333445566', 8)
ON CONFLICT (id) DO NOTHING;

-- =====================================================================
-- 5. 物件（ステータス網羅）
-- =====================================================================
INSERT INTO properties (
  id, seller_id, referring_professional_id, referral_nw_company_id, referral_channel,
  assigned_broker_id, status, property_type, title, description,
  prefecture, city, address, nearest_station, walk_minutes,
  land_area, building_area, built_year, floors,
  asking_price, instant_price, urgency, is_registration_complete,
  bid_start_at, bid_end_at, published_at, closed_at, return_reason
) VALUES
-- ① 入札受付中: 世田谷の戸建て（父の相続、早期売却）
('c0000001-0001-4001-8001-000000000001',
  '55555555-5555-4555-8555-000000000001', '99999999-9999-4999-8999-000000000001', '11111111-1111-4111-8111-000000000001', 'nw',
  'bbbbbbbb-bbbb-4bbb-8bbb-000000000001', 'bidding', 'house',
  '世田谷区成城 相続戸建て（駅徒歩8分）',
  '父が相続した成城の戸建てです。築25年ですが外装塗装を10年前に実施。南向きで日当たり良好。相続人全員の合意取得済み、登記完了済みです。早期売却希望のため指値可。',
  '東京都', '世田谷区', '東京都世田谷区成城3-10-5', '成城学園前駅', 8,
  145, 118, 2000, 2, 52000000, 48000000, 'urgent', true,
  NOW() - INTERVAL '3 days', NOW() + INTERVAL '11 days', NOW() - INTERVAL '5 days', NULL, NULL),

-- ② 入札受付中: 横浜のマンション（母の相続）
('c0000001-0001-4001-8001-000000000002',
  '55555555-5555-4555-8555-000000000002', '99999999-9999-4999-8999-000000000002', NULL, 'direct',
  'bbbbbbbb-bbbb-4bbb-8bbb-000000000002', 'bidding', 'apartment',
  '横浜市中区 ブランズタワー相続物件（3LDK）',
  '母が相続したタワーマンション12階。眺望良好、管理費修繕積立金は平均的。リフォーム実施済みで引き渡しまでスムーズ対応可能です。',
  '神奈川県', '横浜市中区', '神奈川県横浜市中区本町6-50-10 ブランズタワー横浜 1205号室', '馬車道駅', 4,
  NULL, 78, 2015, 25, 68000000, NULL, 'three_months', true,
  NOW() - INTERVAL '6 days', NOW() + INTERVAL '8 days', NOW() - INTERVAL '8 days', NULL, NULL),

-- ③ 公開（登記中）: 埼玉の土地
('c0000001-0001-4001-8001-000000000003',
  '55555555-5555-4555-8555-000000000003', '99999999-9999-4999-8999-000000000001', '11111111-1111-4111-8111-000000000001', 'nw',
  NULL, 'published_registering', 'land',
  'さいたま市浦和区 相続土地（容積率200%）',
  '祖父から相続した更地です。現在相続登記手続き中（完了見込み6週間以内）。建築条件なし、ハウスメーカー選定自由。',
  '埼玉県', 'さいたま市浦和区', '埼玉県さいたま市浦和区北浦和4-5-6', '北浦和駅', 12,
  180, NULL, NULL, NULL, 38000000, NULL, 'one_year', false,
  NULL, NULL, NOW() - INTERVAL '14 days', NULL, NULL),

-- ④ 審査待ち: 千葉のアパート
('c0000001-0001-4001-8001-000000000004',
  '55555555-5555-4555-8555-000000000004', NULL, NULL, 'direct',
  NULL, 'reviewing', 'other',
  '千葉市中央区 1棟アパート（築古・利回り物件）',
  '父が経営していた木造アパートです。満室稼働中、想定利回り9.5%。建物は古いですが土地値として購入検討いただけます。',
  '千葉県', '千葉市中央区', '千葉県千葉市中央区新田町8-9', '千葉駅', 15,
  210, 245, 1988, 2, 29000000, NULL, 'three_months', false,
  NULL, NULL, NULL, NULL, NULL),

-- ⑤ 差戻し: 書類不備
('c0000001-0001-4001-8001-000000000005',
  '55555555-5555-4555-8555-000000000001', '99999999-9999-4999-8999-000000000001', '11111111-1111-4111-8111-000000000001', 'nw',
  NULL, 'returned', 'house',
  '練馬区石神井 築古戸建て',
  '叔父から相続した戸建てです。共有名義のため共有者全員の同意書類を準備中。',
  '東京都', '練馬区', '東京都練馬区石神井台3-4-5', '上石神井駅', 10,
  98, 82, 1985, 2, 31000000, NULL, 'undecided', false,
  NULL, NULL, NULL, NULL, '登記事項証明書と相続人全員の同意書の提出をお願いします。現在アップロードされている遺産分割協議書は署名欄が不完全です。'),

-- ⑥ 入札終了・承認待ち
('c0000001-0001-4001-8001-000000000006',
  '55555555-5555-4555-8555-000000000005', '99999999-9999-4999-8999-000000000004', '11111111-1111-4111-8111-000000000002', 'nw',
  'bbbbbbbb-bbbb-4bbb-8bbb-000000000003', 'pending_approval', 'house',
  '豊中市蛍池 南向き戸建て（全室リフォーム済）',
  '母が相続した戸建てです。全室フルリフォーム実施済み。ペット可、車庫2台分あり。',
  '大阪府', '豊中市', '大阪府豊中市蛍池西町2-6-1', '蛍池駅', 7,
  132, 108, 1995, 2, 44000000, 40000000, 'three_months', true,
  NOW() - INTERVAL '17 days', NOW() - INTERVAL '3 days', NOW() - INTERVAL '20 days', NULL, NULL),

-- ⑦ 成約済み
('c0000001-0001-4001-8001-000000000007',
  '55555555-5555-4555-8555-000000000002', '99999999-9999-4999-8999-000000000002', NULL, 'direct',
  'bbbbbbbb-bbbb-4bbb-8bbb-000000000002', 'closed', 'apartment',
  '川崎市麻生区 新百合ヶ丘マンション（3LDK）',
  '父から相続したマンション。リフォーム済みで即入居可能でした。',
  '神奈川県', '川崎市麻生区', '神奈川県川崎市麻生区万福寺1-2-3 新百合ヶ丘レジデンス 805号室', '新百合ヶ丘駅', 6,
  NULL, 72, 2008, 15, 42000000, 38000000, 'three_months', true,
  NOW() - INTERVAL '70 days', NOW() - INTERVAL '56 days', NOW() - INTERVAL '75 days', NOW() - INTERVAL '20 days', NULL),

-- ⑧ 不成立（入札0件・通常掲載切り替え候補）
('c0000001-0001-4001-8001-000000000008',
  '55555555-5555-4555-8555-000000000003', '99999999-9999-4999-8999-000000000003', '11111111-1111-4111-8111-000000000001', 'nw',
  NULL, 'failed', 'land',
  '所沢市 市街化調整区域の土地',
  '市街化調整区域内の土地です。建築には開発許可が必要。',
  '埼玉県', '所沢市', '埼玉県所沢市東所沢1-10-20', '東所沢駅', 18,
  320, NULL, NULL, NULL, 18000000, NULL, 'undecided', true,
  NOW() - INTERVAL '30 days', NOW() - INTERVAL '16 days', NOW() - INTERVAL '35 days', NULL, NULL),

-- ⑨ 公開中（入札前）
('c0000001-0001-4001-8001-000000000009',
  '55555555-5555-4555-8555-000000000004', '99999999-9999-4999-8999-000000000002', NULL, 'direct',
  NULL, 'published', 'apartment',
  '杉並区荻窪 南向きマンション（築8年）',
  '父が遺した築浅マンション。駅徒歩5分の好立地。',
  '東京都', '杉並区', '東京都杉並区荻窪5-15-8 荻窪ガーデンコート 502号室', '荻窪駅', 5,
  NULL, 65, 2018, 10, 58000000, 53000000, 'three_months', true,
  NULL, NULL, NOW() - INTERVAL '2 days', NULL, NULL),

-- ⑩ 通常掲載
('c0000001-0001-4001-8001-000000000010',
  '55555555-5555-4555-8555-000000000001', '99999999-9999-4999-8999-000000000001', '11111111-1111-4111-8111-000000000001', 'nw',
  NULL, 'normal_listing', 'house',
  '狛江市中和泉 中古戸建て',
  '祖母が住んでいた戸建て。築古のためリノベーション前提でご検討ください。',
  '東京都', '狛江市', '東京都狛江市中和泉3-8-12', '狛江駅', 11,
  88, 76, 1990, 2, 26000000, NULL, 'undecided', true,
  NULL, NULL, NOW() - INTERVAL '45 days', NULL, NULL)
ON CONFLICT (id) DO NOTHING;

-- =====================================================================
-- 6. 入札
-- =====================================================================
-- 物件① 世田谷戸建て（bidding）: 4件の入札
INSERT INTO bids (id, property_id, buyer_id, amount, status, note, created_at) VALUES
  ('d0000001-0001-4001-8001-000000000001', 'c0000001-0001-4001-8001-000000000001', '66666666-6666-4666-8666-000000000001', 50000000, 'active', '現金一括、2週間以内に決済可能です。', NOW() - INTERVAL '2 days'),
  ('d0000001-0001-4001-8001-000000000002', 'c0000001-0001-4001-8001-000000000001', '66666666-6666-4666-8666-000000000003', 51500000, 'active', 'ローン事前審査通過済み。', NOW() - INTERVAL '1 day 12 hours'),
  ('d0000001-0001-4001-8001-000000000003', 'c0000001-0001-4001-8001-000000000001', '66666666-6666-4666-8666-000000000002', 53000000, 'active', '投資目的、賃貸運用検討中。', NOW() - INTERVAL '18 hours'),
  ('d0000001-0001-4001-8001-000000000004', 'c0000001-0001-4001-8001-000000000001', '66666666-6666-4666-8666-000000000004', 52500000, 'active', '自社買取可能、現状有姿で構いません。', NOW() - INTERVAL '6 hours')
ON CONFLICT (id) DO NOTHING;

-- 物件② 横浜マンション（bidding）: 3件
INSERT INTO bids (id, property_id, buyer_id, amount, status, note, created_at) VALUES
  ('d0000001-0001-4001-8001-000000000005', 'c0000001-0001-4001-8001-000000000002', '66666666-6666-4666-8666-000000000002', 65000000, 'active', NULL, NOW() - INTERVAL '4 days'),
  ('d0000001-0001-4001-8001-000000000006', 'c0000001-0001-4001-8001-000000000002', '66666666-6666-4666-8666-000000000006', 67000000, 'active', '親族向けに購入予定。', NOW() - INTERVAL '2 days'),
  ('d0000001-0001-4001-8001-000000000007', 'c0000001-0001-4001-8001-000000000002', '66666666-6666-4666-8666-000000000004', 66500000, 'active', NULL, NOW() - INTERVAL '1 day')
ON CONFLICT (id) DO NOTHING;

-- 物件⑥ 豊中戸建て（pending_approval）: 売主が最高額以外を選択
INSERT INTO bids (id, property_id, buyer_id, amount, status, note, selection_reason, selection_reason_detail, created_at) VALUES
  ('d0000001-0001-4001-8001-000000000008', 'c0000001-0001-4001-8001-000000000006', '66666666-6666-4666-8666-000000000007', 43000000, 'selected', '地元で長年不動産業を営んでおります。', 'credit_concern', '最高額入札者は個人のため、融資実行の確実性を考慮し2位の事業者を選択しました。', NOW() - INTERVAL '10 days'),
  ('d0000001-0001-4001-8001-000000000009', 'c0000001-0001-4001-8001-000000000006', '66666666-6666-4666-8666-000000000005', 43800000, 'rejected', NULL, NULL, NULL, NOW() - INTERVAL '8 days'),
  ('d0000001-0001-4001-8001-000000000010', 'c0000001-0001-4001-8001-000000000006', '66666666-6666-4666-8666-000000000003', 42500000, 'rejected', NULL, NULL, NULL, NOW() - INTERVAL '12 days')
ON CONFLICT (id) DO NOTHING;

-- 物件⑦ 新百合ヶ丘マンション（closed）: 成約済み
INSERT INTO bids (id, property_id, buyer_id, amount, status, note, created_at) VALUES
  ('d0000001-0001-4001-8001-000000000011', 'c0000001-0001-4001-8001-000000000007', '66666666-6666-4666-8666-000000000001', 41500000, 'selected', '家族で住む予定です。', NOW() - INTERVAL '60 days'),
  ('d0000001-0001-4001-8001-000000000012', 'c0000001-0001-4001-8001-000000000007', '66666666-6666-4666-8666-000000000005', 40000000, 'rejected', NULL, NOW() - INTERVAL '62 days')
ON CONFLICT (id) DO NOTHING;

-- =====================================================================
-- 7. 案件（cases）
-- =====================================================================
-- 豊中戸建て: 業者割当→売主連絡完了
INSERT INTO cases (id, property_id, broker_id, buyer_id, seller_id, status, created_at, updated_at) VALUES
  ('e0000001-0001-4001-8001-000000000001',
    'c0000001-0001-4001-8001-000000000006',
    'bbbbbbbb-bbbb-4bbb-8bbb-000000000003',
    '66666666-6666-4666-8666-000000000007',
    '55555555-5555-4555-8555-000000000005',
    'seller_contacted',
    NOW() - INTERVAL '2 days', NOW() - INTERVAL '1 day')
ON CONFLICT (id) DO NOTHING;

-- 新百合ヶ丘マンション: 決済完了
INSERT INTO cases (id, property_id, broker_id, buyer_id, seller_id, status, explanation_doc_url, contract_doc_url, settlement_doc_url, created_at, updated_at) VALUES
  ('e0000001-0001-4001-8001-000000000002',
    'c0000001-0001-4001-8001-000000000007',
    'bbbbbbbb-bbbb-4bbb-8bbb-000000000002',
    '66666666-6666-4666-8666-000000000001',
    '55555555-5555-4555-8555-000000000002',
    'settlement_done',
    'https://example.com/docs/explanation-007.pdf',
    'https://example.com/docs/contract-007.pdf',
    'https://example.com/docs/settlement-007.pdf',
    NOW() - INTERVAL '55 days', NOW() - INTERVAL '20 days')
ON CONFLICT (id) DO NOTHING;

-- 案件メッセージ（新百合ヶ丘のやり取り）
INSERT INTO case_messages (id, case_id, sender_id, body, created_at) VALUES
  ('f0000001-0001-4001-8001-000000000001', 'e0000001-0001-4001-8001-000000000002', '33333333-3333-4333-8333-000000000002', '売主様・買い手様、担当の高橋です。本日より担当させていただきます。重要事項説明の日程調整をお願いしたくご連絡しました。', NOW() - INTERVAL '54 days'),
  ('f0000001-0001-4001-8001-000000000002', 'e0000001-0001-4001-8001-000000000002', '55555555-5555-4555-8555-000000000002', 'よろしくお願いします。平日夜または週末でしたら調整可能です。', NOW() - INTERVAL '53 days'),
  ('f0000001-0001-4001-8001-000000000003', 'e0000001-0001-4001-8001-000000000002', '66666666-6666-4666-8666-000000000001', '私も週末希望です。来週の土曜午前はいかがでしょうか。', NOW() - INTERVAL '53 days' + INTERVAL '2 hours')
ON CONFLICT (id) DO NOTHING;

-- =====================================================================
-- 8. 通知
-- =====================================================================
INSERT INTO notifications (id, user_id, event, channel, title, body, related_entity_type, related_entity_id, is_read, sent_at) VALUES
  -- 売主 小林さん宛: 新規入札
  ('aa000001-0001-4001-8001-000000000001', '55555555-5555-4555-8555-000000000001', 'bid_received', 'system', '新しい入札が届きました', '「世田谷区成城 相続戸建て」に 5,300万円 の入札がありました。', 'property', 'c0000001-0001-4001-8001-000000000001', false, NOW() - INTERVAL '18 hours'),
  ('aa000001-0001-4001-8001-000000000002', '55555555-5555-4555-8555-000000000001', 'bid_received', 'system', '新しい入札が届きました', '「世田谷区成城 相続戸建て」に 5,250万円 の入札がありました。', 'property', 'c0000001-0001-4001-8001-000000000001', false, NOW() - INTERVAL '6 hours'),
  -- 売主 中村さん宛: 入札
  ('aa000001-0001-4001-8001-000000000003', '55555555-5555-4555-8555-000000000002', 'bid_received', 'system', '新しい入札が届きました', '「横浜市中区 ブランズタワー相続物件」に 6,700万円 の入札がありました。', 'property', 'c0000001-0001-4001-8001-000000000002', true, NOW() - INTERVAL '2 days'),
  -- 売主 橋本さん宛: 差戻し
  ('aa000001-0001-4001-8001-000000000004', '55555555-5555-4555-8555-000000000001', 'property_returned', 'email', '物件の審査結果について', '「練馬区石神井 築古戸建て」の審査で書類不備が見つかりました。詳細をご確認ください。', 'property', 'c0000001-0001-4001-8001-000000000005', true, NOW() - INTERVAL '5 days'),
  -- 買い手 森田さん宛: 落札
  ('aa000001-0001-4001-8001-000000000005', '66666666-6666-4666-8666-000000000001', 'bid_selected', 'email', 'あなたの入札が選ばれました', '「新百合ヶ丘マンション」の入札が選ばれました。担当業者から連絡があります。', 'property', 'c0000001-0001-4001-8001-000000000007', true, NOW() - INTERVAL '55 days'),
  -- 士業 田中さん宛: 紹介成立
  ('aa000001-0001-4001-8001-000000000006', '44444444-4444-4444-8444-000000000001', 'referral_success', 'system', '紹介案件が掲載されました', '紹介された物件「世田谷区成城 相続戸建て」が公開されました。', 'property', 'c0000001-0001-4001-8001-000000000001', false, NOW() - INTERVAL '5 days'),
  -- 業者 佐藤さん宛: 案件割当
  ('aa000001-0001-4001-8001-000000000007', '33333333-3333-4333-8333-000000000001', 'case_assigned', 'email', '新しい案件が割り当てられました', '「世田谷区成城 相続戸建て」の対応をお願いいたします。', 'property', 'c0000001-0001-4001-8001-000000000001', false, NOW() - INTERVAL '3 days'),
  -- 管理者宛: 新規審査待ち
  ('aa000001-0001-4001-8001-000000000008', '22222222-2222-4222-8222-000000000001', 'property_review_pending', 'system', '物件審査が必要です', '新規登録物件「千葉市中央区 1棟アパート」の審査をお願いします。', 'property', 'c0000001-0001-4001-8001-000000000004', false, NOW() - INTERVAL '1 day')
ON CONFLICT (id) DO NOTHING;

-- =====================================================================
-- 9. ブログ記事（公開済み）
-- =====================================================================
INSERT INTO blog_posts (id, slug, title, excerpt, body, category, author_name, author_role, reading_minutes, is_published, published_at) VALUES
  ('bb000001-0001-4001-8001-000000000001', 'souzoku-fudosan-uriyoi-timing',
    '相続不動産を売却するベストタイミングは？税金と市況の両面から解説',
    '相続不動産の売却は「相続税の申告期限」と「取得費加算の特例」の2つを押さえると税負担が変わります。',
    E'相続した不動産を売却する際、いつ売るかは手取り額に大きく影響します。\n\n## 1. 取得費加算の特例\n相続税の申告期限（被相続人の死亡から10ヶ月）の翌日から3年10ヶ月以内に売却すると、相続税の一部を取得費に加算でき譲渡所得税が軽減されます。\n\n## 2. 空き家の3,000万円特別控除\n被相続人が一人で住んでいた家屋を2027年末までに売却すると、最大3,000万円の特別控除を適用できます。\n\n## 3. 市況\n金利と不動産価格の動きも重要です。2026年現在、日銀の金融政策見直しを受けて長期金利が上昇基調にあり、買い手の購買力にも影響が出始めています。',
    'souzoku', '田中 雅彦', '税理士', 7, true, NOW() - INTERVAL '10 days'),

  ('bb000001-0001-4001-8001-000000000002', 'isan-bunkatsu-kyogi-flow',
    '遺産分割協議書の作り方と押さえるべき5つのポイント',
    '相続人全員の合意を文書化する遺産分割協議書。不備があると登記も売却も進みません。実務フローを司法書士が解説。',
    E'遺産分割協議書は相続手続きの要です。\n\n## 必ず記載すべき項目\n- 被相続人の氏名・死亡日\n- 相続人全員の氏名・住所\n- 分割対象となる財産の詳細\n- 各相続人の取得分\n- 協議日\n\n## よくある不備\n1. 不動産の表記が登記簿と一致しない\n2. 相続人の一部が署名捺印していない\n3. 実印でなく認印が使われている\n\n## 作成後の流れ\n印鑑証明書・戸籍一式とセットで法務局に提出し、相続登記を完了させます。',
    'tetsuzuki', '鈴木 明子', '司法書士', 5, true, NOW() - INTERVAL '25 days'),

  ('bb000001-0001-4001-8001-000000000003', 'nyusatsu-vs-chukai',
    '入札方式と従来の仲介、相続不動産にはどちらが向くのか',
    '相場感のわからない相続不動産で、入札方式が注目されています。従来の仲介と比較したメリット・デメリット。',
    E'相続不動産は取得した本人が住んでいなかったため、相場感がつかみにくいのが実情です。\n\n## 入札方式のメリット\n- 短期間で複数の買い手から提示\n- 相場より高く売れる可能性\n- 比較検討がしやすい\n\n## 従来仲介のメリット\n- 価格交渉の余地\n- 買い手を見極める時間がある\n\n## どちらを選ぶか\n早期売却が必須（相続税の納税資金など）なら入札方式、時間に余裕があれば仲介も選択肢です。',
    'nyusatsu', '大村 誠一', 'Ouver代表', 4, true, NOW() - INTERVAL '3 days'),

  ('bb000001-0001-4001-8001-000000000004', 'kuya-3000man-tokubetsu-kojo',
    '空き家の3,000万円特別控除、適用できる条件を完全整理',
    '空き家特例は2027年末まで延長。ただし昭和56年以前の建物など適用条件が細かい。',
    E'被相続人が一人で住んでいた家屋の売却には最大3,000万円の特別控除があります。\n\n## 適用条件\n- 昭和56年5月31日以前に建築\n- 相続開始時に被相続人以外が居住していない\n- 売却代金が1億円以下\n- 譲渡時に耐震基準に適合 または 家屋を取り壊し\n\n## よくある誤解\n「相続してから3年以内」とよく聞きますが正確には「相続開始日から3年を経過する日の属する年の12月31日まで」です。',
    'zeisei', '田中 雅彦', '税理士', 6, true, NOW() - INTERVAL '40 days')
ON CONFLICT (id) DO NOTHING;

-- =====================================================================
-- 10. ヘルプ記事
-- =====================================================================
INSERT INTO help_articles (id, slug, title, category, body, is_published, sort_order) VALUES
  ('cc000001-0001-4001-8001-000000000001', 'how-to-register-property', '物件を登録するには', 'seller',
    E'物件登録は以下の手順で進みます。\n\n1. ダッシュボードから「物件を登録」をクリック\n2. 物件情報を入力（所在地・広さ・希望価格）\n3. 必要書類をアップロード（登記簿・遺産分割協議書・本人確認書類）\n4. 登録を完了すると24-48時間以内に審査結果が届きます\n\n書類に不備があった場合は差戻しとなりますので、メールをご確認ください。',
    true, 1),
  ('cc000001-0001-4001-8001-000000000002', 'bid-period-length', '入札期間は何日間ですか', 'seller',
    E'入札期間は基本14日間です。状況に応じて最大3回まで延長できます（1回あたり7日間）。\n\n延長される主なケース:\n- 入札件数が2件未満\n- 追加書類の確認中\n- 売主の指定がある場合',
    true, 2),
  ('cc000001-0001-4001-8001-000000000003', 'how-to-place-bid', '入札の方法', 'buyer',
    E'物件詳細ページから「入札する」をクリックし、入札金額とコメントを入力して送信してください。\n\n注意事項:\n- 入札後の取り消しは原則不可\n- 最高額が常に選ばれるとは限りません（売主が信用性を重視する場合あり）\n- 落札後は担当業者から48時間以内に連絡が入ります',
    true, 3),
  ('cc000001-0001-4001-8001-000000000004', 'referral-reward', '紹介報酬の仕組み', 'professional',
    E'紹介した案件が成約すると、仲介手数料の15%が報酬として支払われます。\n\nNW所属の場合は別途NW会社に3%が配分されます。\n\n支払いサイクル: 決済完了月の翌月末払い\n明細は管理画面の「収益」から確認できます。',
    true, 1),
  ('cc000001-0001-4001-8001-000000000005', 'broker-commission-tier', '業者の段階的手数料率', 'broker',
    E'担当案件数に応じて仲介手数料の配分率が変動します。\n\n- 最初の5件: 60%\n- 6-20件: 55%\n- 21件以降: 50%\n\nこれは成約件数に対して適用され、中止案件はカウントされません。',
    true, 1)
ON CONFLICT (id) DO NOTHING;

-- =====================================================================
-- 11. 業者評価（サンプル）
-- =====================================================================
INSERT INTO broker_evaluations (id, broker_id, evaluator_id, property_id, speed_rating, clarity_rating, politeness_rating, overall_rating, comment, created_at) VALUES
  ('dd000001-0001-4001-8001-000000000001',
    'bbbbbbbb-bbbb-4bbb-8bbb-000000000002',
    '55555555-5555-4555-8555-000000000002',
    'c0000001-0001-4001-8001-000000000007',
    5, 5, 5, 5, '初めての相続不動産売却で不安でしたが、高橋さんが丁寧に対応してくださり安心して任せられました。',
    NOW() - INTERVAL '15 days'),
  ('dd000001-0001-4001-8001-000000000002',
    'bbbbbbbb-bbbb-4bbb-8bbb-000000000002',
    '66666666-6666-4666-8666-000000000001',
    'c0000001-0001-4001-8001-000000000007',
    4, 5, 5, 5, '書類のやり取りがスムーズで、疑問点もすぐに回答いただけました。',
    NOW() - INTERVAL '14 days')
ON CONFLICT (id) DO NOTHING;

COMMIT;

-- =====================================================================
-- 確認クエリ（任意で実行）
-- =====================================================================
-- SELECT role, COUNT(*) FROM users GROUP BY role;
-- SELECT status, COUNT(*) FROM properties GROUP BY status;
-- SELECT status, COUNT(*) FROM bids GROUP BY status;
-- SELECT status, COUNT(*) FROM cases GROUP BY status;
